use cm_hms;

-- ============================ Customer Asset

truncate asset;

INSERT INTO `asset` (`assetUUID`,`asset_locationUUID`,`asset_partUUID`,`asset_customerUUID`,`asset_statusId`,`asset_name`,`asset_shortName`,`asset_installDate`,`asset_createdByUUID`,`asset_updatedByUUID`,`asset_updatedTS`,`asset_createdTS`,`asset_deleteTS`) VALUES ('00c93791035c44fd98d4f40ff2cdfe0a','ffa7e40b89274589b3e41a9ed7a67d0c','8aef695dec754a99a2bb7f5077968d60','a30af0ce5e07474487c39adab6269d5f',1,'Setter 14','S14',NULL,'','',NULL,'2020-07-30 17:53:20',NULL);
INSERT INTO `asset` (`assetUUID`,`asset_locationUUID`,`asset_partUUID`,`asset_customerUUID`,`asset_statusId`,`asset_name`,`asset_shortName`,`asset_installDate`,`asset_createdByUUID`,`asset_updatedByUUID`,`asset_updatedTS`,`asset_createdTS`,`asset_deleteTS`) VALUES ('00ec08628b27439ab5228595f8d0504e','ffa7e40b89274589b3e41a9ed7a67d0c','8aef695dec754a99a2bb7f5077968d60','a30af0ce5e07474487c39adab6269d5f',1,'Setter 15','S15',NULL,'','',NULL,'2020-07-30 17:53:23',NULL);
INSERT INTO `asset` (`assetUUID`,`asset_locationUUID`,`asset_partUUID`,`asset_customerUUID`,`asset_statusId`,`asset_name`,`asset_shortName`,`asset_installDate`,`asset_createdByUUID`,`asset_updatedByUUID`,`asset_updatedTS`,`asset_createdTS`,`asset_deleteTS`) VALUES ('095e0ff29f304874a7b76a190a95d781','84ced00f7b3744d0b13f93ab2288f89e','ee3fe999cf1844c8bf4e0d0e3f99ba96','a30af0ce5e07474487c39adab6269d5f',1,'Setter 30','S30',NULL,'','',NULL,'2020-07-30 17:54:02',NULL);
INSERT INTO `asset` (`assetUUID`,`asset_locationUUID`,`asset_partUUID`,`asset_customerUUID`,`asset_statusId`,`asset_name`,`asset_shortName`,`asset_installDate`,`asset_createdByUUID`,`asset_updatedByUUID`,`asset_updatedTS`,`asset_createdTS`,`asset_deleteTS`) VALUES ('1087dee5749746bcb0e49b158eeef0a0','a30af0ce5e07474487c39adab6269d5f','69e0643f6213427388ed775d23e598c4','a30af0ce5e07474487c39adab6269d5f',1,'Hatcher 5','H5',NULL,'','',NULL,'2020-07-30 17:54:21',NULL);
INSERT INTO `asset` (`assetUUID`,`asset_locationUUID`,`asset_partUUID`,`asset_customerUUID`,`asset_statusId`,`asset_name`,`asset_shortName`,`asset_installDate`,`asset_createdByUUID`,`asset_updatedByUUID`,`asset_updatedTS`,`asset_createdTS`,`asset_deleteTS`) VALUES ('1347d6cabcae40e2980d5a8fead8d73b','ffa7e40b89274589b3e41a9ed7a67d0c','8aef695dec754a99a2bb7f5077968d60','a30af0ce5e07474487c39adab6269d5f',1,'Setter 6','S6',NULL,'','',NULL,'2020-07-30 17:53:01',NULL);
INSERT INTO `asset` (`assetUUID`,`asset_locationUUID`,`asset_partUUID`,`asset_customerUUID`,`asset_statusId`,`asset_name`,`asset_shortName`,`asset_installDate`,`asset_createdByUUID`,`asset_updatedByUUID`,`asset_updatedTS`,`asset_createdTS`,`asset_deleteTS`) VALUES ('156dabe401cb47c68850db0e554667bb','ffa7e40b89274589b3e41a9ed7a67d0c','8aef695dec754a99a2bb7f5077968d60','a30af0ce5e07474487c39adab6269d5f',1,'Setter 13','S13',NULL,'','',NULL,'2020-07-30 17:53:18',NULL);
INSERT INTO `asset` (`assetUUID`,`asset_locationUUID`,`asset_partUUID`,`asset_customerUUID`,`asset_statusId`,`asset_name`,`asset_shortName`,`asset_installDate`,`asset_createdByUUID`,`asset_updatedByUUID`,`asset_updatedTS`,`asset_createdTS`,`asset_deleteTS`) VALUES ('1ae334b6fb1d4903a58beebc385a3880','a30af0ce5e07474487c39adab6269d5f','9b98a2a6e68f41a6ace1a755033989d1','a30af0ce5e07474487c39adab6269d5f',1,'CC3 14400','CC3',NULL,'','',NULL,'2020-07-30 17:54:33',NULL);
INSERT INTO `asset` (`assetUUID`,`asset_locationUUID`,`asset_partUUID`,`asset_customerUUID`,`asset_statusId`,`asset_name`,`asset_shortName`,`asset_installDate`,`asset_createdByUUID`,`asset_updatedByUUID`,`asset_updatedTS`,`asset_createdTS`,`asset_deleteTS`) VALUES ('2ce709b4a9c646fa87baf5abac5c7198','84ced00f7b3744d0b13f93ab2288f89e','ee3fe999cf1844c8bf4e0d0e3f99ba96','a30af0ce5e07474487c39adab6269d5f',1,'Setter 28','S28',NULL,'','',NULL,'2020-07-30 17:53:58',NULL);
INSERT INTO `asset` (`assetUUID`,`asset_locationUUID`,`asset_partUUID`,`asset_customerUUID`,`asset_statusId`,`asset_name`,`asset_shortName`,`asset_installDate`,`asset_createdByUUID`,`asset_updatedByUUID`,`asset_updatedTS`,`asset_createdTS`,`asset_deleteTS`) VALUES ('2f1e3bbcd1a24fd98d5f907a7196a5d4','84ced00f7b3744d0b13f93ab2288f89e','ee3fe999cf1844c8bf4e0d0e3f99ba96','a30af0ce5e07474487c39adab6269d5f',1,'Setter 33','S33',NULL,'','',NULL,'2020-07-30 17:54:09',NULL);
INSERT INTO `asset` (`assetUUID`,`asset_locationUUID`,`asset_partUUID`,`asset_customerUUID`,`asset_statusId`,`asset_name`,`asset_shortName`,`asset_installDate`,`asset_createdByUUID`,`asset_updatedByUUID`,`asset_updatedTS`,`asset_createdTS`,`asset_deleteTS`) VALUES ('314e75540b7948ddaacc97afaa3751bd','84ced00f7b3744d0b13f93ab2288f89e','ee3fe999cf1844c8bf4e0d0e3f99ba96','a30af0ce5e07474487c39adab6269d5f',1,'Setter 29','S29',NULL,'','',NULL,'2020-07-30 17:54:00',NULL);
INSERT INTO `asset` (`assetUUID`,`asset_locationUUID`,`asset_partUUID`,`asset_customerUUID`,`asset_statusId`,`asset_name`,`asset_shortName`,`asset_installDate`,`asset_createdByUUID`,`asset_updatedByUUID`,`asset_updatedTS`,`asset_createdTS`,`asset_deleteTS`) VALUES ('34b4d3dbc09c466a9b97b3772baa3233','a30af0ce5e07474487c39adab6269d5f','69e0643f6213427388ed775d23e598c4','a30af0ce5e07474487c39adab6269d5f',1,'Hatcher 4','H4',NULL,'','',NULL,'2020-07-30 17:54:19',NULL);
INSERT INTO `asset` (`assetUUID`,`asset_locationUUID`,`asset_partUUID`,`asset_customerUUID`,`asset_statusId`,`asset_name`,`asset_shortName`,`asset_installDate`,`asset_createdByUUID`,`asset_updatedByUUID`,`asset_updatedTS`,`asset_createdTS`,`asset_deleteTS`) VALUES ('476c5943088e4a209967927c02c16fd5','ffa7e40b89274589b3e41a9ed7a67d0c','8aef695dec754a99a2bb7f5077968d60','a30af0ce5e07474487c39adab6269d5f',1,'Setter 9','S9',NULL,'','',NULL,'2020-07-30 17:53:08',NULL);
INSERT INTO `asset` (`assetUUID`,`asset_locationUUID`,`asset_partUUID`,`asset_customerUUID`,`asset_statusId`,`asset_name`,`asset_shortName`,`asset_installDate`,`asset_createdByUUID`,`asset_updatedByUUID`,`asset_updatedTS`,`asset_createdTS`,`asset_deleteTS`) VALUES ('4bac0568871242efa878f86b344513fd','ffa7e40b89274589b3e41a9ed7a67d0c','8aef695dec754a99a2bb7f5077968d60','a30af0ce5e07474487c39adab6269d5f',1,'Setter 1','S1',NULL,'','',NULL,'2020-07-30 17:52:49',NULL);
INSERT INTO `asset` (`assetUUID`,`asset_locationUUID`,`asset_partUUID`,`asset_customerUUID`,`asset_statusId`,`asset_name`,`asset_shortName`,`asset_installDate`,`asset_createdByUUID`,`asset_updatedByUUID`,`asset_updatedTS`,`asset_createdTS`,`asset_deleteTS`) VALUES ('5022502d7bce42c49d36f667dcdcbb47','a30af0ce5e07474487c39adab6269d5f','69e0643f6213427388ed775d23e598c4','a30af0ce5e07474487c39adab6269d5f',1,'Hatcher 6','H6',NULL,'','',NULL,'2020-07-30 17:54:24',NULL);
INSERT INTO `asset` (`assetUUID`,`asset_locationUUID`,`asset_partUUID`,`asset_customerUUID`,`asset_statusId`,`asset_name`,`asset_shortName`,`asset_installDate`,`asset_createdByUUID`,`asset_updatedByUUID`,`asset_updatedTS`,`asset_createdTS`,`asset_deleteTS`) VALUES ('50f1a5f1d1ca4991a0e21cb233e46118','ffa7e40b89274589b3e41a9ed7a67d0c','8aef695dec754a99a2bb7f5077968d60','a30af0ce5e07474487c39adab6269d5f',1,'Setter 20','S20',NULL,'','',NULL,'2020-07-30 17:53:35',NULL);
INSERT INTO `asset` (`assetUUID`,`asset_locationUUID`,`asset_partUUID`,`asset_customerUUID`,`asset_statusId`,`asset_name`,`asset_shortName`,`asset_installDate`,`asset_createdByUUID`,`asset_updatedByUUID`,`asset_updatedTS`,`asset_createdTS`,`asset_deleteTS`) VALUES ('5c5e4f36a91e474da678da0a12e9e369','84ced00f7b3744d0b13f93ab2288f89e','ee3fe999cf1844c8bf4e0d0e3f99ba96','a30af0ce5e07474487c39adab6269d5f',1,'Setter 27','S27',NULL,'','',NULL,'2020-07-30 17:53:55',NULL);
INSERT INTO `asset` (`assetUUID`,`asset_locationUUID`,`asset_partUUID`,`asset_customerUUID`,`asset_statusId`,`asset_name`,`asset_shortName`,`asset_installDate`,`asset_createdByUUID`,`asset_updatedByUUID`,`asset_updatedTS`,`asset_createdTS`,`asset_deleteTS`) VALUES ('661432d76a704ed4976d3c2dd593e38a','ffa7e40b89274589b3e41a9ed7a67d0c','8aef695dec754a99a2bb7f5077968d60','a30af0ce5e07474487c39adab6269d5f',1,'Setter 21','S21',NULL,'','',NULL,'2020-07-30 17:53:37',NULL);
INSERT INTO `asset` (`assetUUID`,`asset_locationUUID`,`asset_partUUID`,`asset_customerUUID`,`asset_statusId`,`asset_name`,`asset_shortName`,`asset_installDate`,`asset_createdByUUID`,`asset_updatedByUUID`,`asset_updatedTS`,`asset_createdTS`,`asset_deleteTS`) VALUES ('6f6a18a87dc0445ba61dc45469a9aeb7','84ced00f7b3744d0b13f93ab2288f89e','ee3fe999cf1844c8bf4e0d0e3f99ba96','a30af0ce5e07474487c39adab6269d5f',1,'Setter 31','S31',NULL,'','',NULL,'2020-07-30 17:54:05',NULL);
INSERT INTO `asset` (`assetUUID`,`asset_locationUUID`,`asset_partUUID`,`asset_customerUUID`,`asset_statusId`,`asset_name`,`asset_shortName`,`asset_installDate`,`asset_createdByUUID`,`asset_updatedByUUID`,`asset_updatedTS`,`asset_createdTS`,`asset_deleteTS`) VALUES ('761c31d6897d46ed94bf1595fee63c1e','ffa7e40b89274589b3e41a9ed7a67d0c','8aef695dec754a99a2bb7f5077968d60','a30af0ce5e07474487c39adab6269d5f',1,'Setter 8','S8',NULL,'','',NULL,'2020-07-30 17:53:06',NULL);
INSERT INTO `asset` (`assetUUID`,`asset_locationUUID`,`asset_partUUID`,`asset_customerUUID`,`asset_statusId`,`asset_name`,`asset_shortName`,`asset_installDate`,`asset_createdByUUID`,`asset_updatedByUUID`,`asset_updatedTS`,`asset_createdTS`,`asset_deleteTS`) VALUES ('781e63864cc84ff894f983d157960e56','84ced00f7b3744d0b13f93ab2288f89e','ee3fe999cf1844c8bf4e0d0e3f99ba96','a30af0ce5e07474487c39adab6269d5f',1,'Setter 23','S23',NULL,'','',NULL,'2020-07-30 17:53:45',NULL);
INSERT INTO `asset` (`assetUUID`,`asset_locationUUID`,`asset_partUUID`,`asset_customerUUID`,`asset_statusId`,`asset_name`,`asset_shortName`,`asset_installDate`,`asset_createdByUUID`,`asset_updatedByUUID`,`asset_updatedTS`,`asset_createdTS`,`asset_deleteTS`) VALUES ('7e86f3d5d26246d1a604ada6462d282e','a30af0ce5e07474487c39adab6269d5f','69e0643f6213427388ed775d23e598c4','a30af0ce5e07474487c39adab6269d5f',1,'Hatcher 9','H9',NULL,'','',NULL,'2020-07-30 17:54:31',NULL);
INSERT INTO `asset` (`assetUUID`,`asset_locationUUID`,`asset_partUUID`,`asset_customerUUID`,`asset_statusId`,`asset_name`,`asset_shortName`,`asset_installDate`,`asset_createdByUUID`,`asset_updatedByUUID`,`asset_updatedTS`,`asset_createdTS`,`asset_deleteTS`) VALUES ('807d4575e19f49839322bc9bd5ee51a3','84ced00f7b3744d0b13f93ab2288f89e','ee3fe999cf1844c8bf4e0d0e3f99ba96','a30af0ce5e07474487c39adab6269d5f',1,'Setter 32','S32',NULL,'','',NULL,'2020-07-30 17:54:07',NULL);
INSERT INTO `asset` (`assetUUID`,`asset_locationUUID`,`asset_partUUID`,`asset_customerUUID`,`asset_statusId`,`asset_name`,`asset_shortName`,`asset_installDate`,`asset_createdByUUID`,`asset_updatedByUUID`,`asset_updatedTS`,`asset_createdTS`,`asset_deleteTS`) VALUES ('8181dad06e924769a828990162ff213c','ffa7e40b89274589b3e41a9ed7a67d0c','8aef695dec754a99a2bb7f5077968d60','a30af0ce5e07474487c39adab6269d5f',1,'Setter 12','S12',NULL,'','',NULL,'2020-07-30 17:53:16',NULL);
INSERT INTO `asset` (`assetUUID`,`asset_locationUUID`,`asset_partUUID`,`asset_customerUUID`,`asset_statusId`,`asset_name`,`asset_shortName`,`asset_installDate`,`asset_createdByUUID`,`asset_updatedByUUID`,`asset_updatedTS`,`asset_createdTS`,`asset_deleteTS`) VALUES ('94753f198cb7440eab15c2f3f5bc29a0','ffa7e40b89274589b3e41a9ed7a67d0c','8aef695dec754a99a2bb7f5077968d60','a30af0ce5e07474487c39adab6269d5f',1,'Setter 5','S5',NULL,'','',NULL,'2020-07-30 17:52:59',NULL);
INSERT INTO `asset` (`assetUUID`,`asset_locationUUID`,`asset_partUUID`,`asset_customerUUID`,`asset_statusId`,`asset_name`,`asset_shortName`,`asset_installDate`,`asset_createdByUUID`,`asset_updatedByUUID`,`asset_updatedTS`,`asset_createdTS`,`asset_deleteTS`) VALUES ('a81deb5b34c24672a2f9d7c8c7d8491d','ffa7e40b89274589b3e41a9ed7a67d0c','8aef695dec754a99a2bb7f5077968d60','a30af0ce5e07474487c39adab6269d5f',1,'Setter 3','S3',NULL,'','',NULL,'2020-07-30 17:52:54',NULL);
INSERT INTO `asset` (`assetUUID`,`asset_locationUUID`,`asset_partUUID`,`asset_customerUUID`,`asset_statusId`,`asset_name`,`asset_shortName`,`asset_installDate`,`asset_createdByUUID`,`asset_updatedByUUID`,`asset_updatedTS`,`asset_createdTS`,`asset_deleteTS`) VALUES ('a851befcd5c44e8493c240724265d826','84ced00f7b3744d0b13f93ab2288f89e','ee3fe999cf1844c8bf4e0d0e3f99ba96','a30af0ce5e07474487c39adab6269d5f',1,'Setter 26','S26',NULL,'','',NULL,'2020-07-30 17:53:53',NULL);
INSERT INTO `asset` (`assetUUID`,`asset_locationUUID`,`asset_partUUID`,`asset_customerUUID`,`asset_statusId`,`asset_name`,`asset_shortName`,`asset_installDate`,`asset_createdByUUID`,`asset_updatedByUUID`,`asset_updatedTS`,`asset_createdTS`,`asset_deleteTS`) VALUES ('ab50c9014ad9489aabae8c0d7e322d6c','ffa7e40b89274589b3e41a9ed7a67d0c','8aef695dec754a99a2bb7f5077968d60','a30af0ce5e07474487c39adab6269d5f',1,'Setter 16','S16',NULL,'','',NULL,'2020-07-30 17:53:25',NULL);
INSERT INTO `asset` (`assetUUID`,`asset_locationUUID`,`asset_partUUID`,`asset_customerUUID`,`asset_statusId`,`asset_name`,`asset_shortName`,`asset_installDate`,`asset_createdByUUID`,`asset_updatedByUUID`,`asset_updatedTS`,`asset_createdTS`,`asset_deleteTS`) VALUES ('ac70c850955f431085346d432fac381c','ffa7e40b89274589b3e41a9ed7a67d0c','8aef695dec754a99a2bb7f5077968d60','a30af0ce5e07474487c39adab6269d5f',1,'Setter 21','S21',NULL,'','',NULL,'2020-07-30 17:53:39',NULL);
INSERT INTO `asset` (`assetUUID`,`asset_locationUUID`,`asset_partUUID`,`asset_customerUUID`,`asset_statusId`,`asset_name`,`asset_shortName`,`asset_installDate`,`asset_createdByUUID`,`asset_updatedByUUID`,`asset_updatedTS`,`asset_createdTS`,`asset_deleteTS`) VALUES ('b4094a58fe734f56806514e619ba6b64','ffa7e40b89274589b3e41a9ed7a67d0c','8aef695dec754a99a2bb7f5077968d60','a30af0ce5e07474487c39adab6269d5f',1,'Setter 11','S11',NULL,'','',NULL,'2020-07-30 17:53:13',NULL);
INSERT INTO `asset` (`assetUUID`,`asset_locationUUID`,`asset_partUUID`,`asset_customerUUID`,`asset_statusId`,`asset_name`,`asset_shortName`,`asset_installDate`,`asset_createdByUUID`,`asset_updatedByUUID`,`asset_updatedTS`,`asset_createdTS`,`asset_deleteTS`) VALUES ('c503d3216e7547ea902797f1eb2ef65e','a30af0ce5e07474487c39adab6269d5f','69e0643f6213427388ed775d23e598c4','a30af0ce5e07474487c39adab6269d5f',1,'Hatcher 2','H2',NULL,'','',NULL,'2020-07-30 17:54:14',NULL);
INSERT INTO `asset` (`assetUUID`,`asset_locationUUID`,`asset_partUUID`,`asset_customerUUID`,`asset_statusId`,`asset_name`,`asset_shortName`,`asset_installDate`,`asset_createdByUUID`,`asset_updatedByUUID`,`asset_updatedTS`,`asset_createdTS`,`asset_deleteTS`) VALUES ('d5cdca09777d45028f572a1049b3d6b0','a30af0ce5e07474487c39adab6269d5f','69e0643f6213427388ed775d23e598c4','a30af0ce5e07474487c39adab6269d5f',1,'Hatcher 8','H8',NULL,'','',NULL,'2020-07-30 17:54:29',NULL);
INSERT INTO `asset` (`assetUUID`,`asset_locationUUID`,`asset_partUUID`,`asset_customerUUID`,`asset_statusId`,`asset_name`,`asset_shortName`,`asset_installDate`,`asset_createdByUUID`,`asset_updatedByUUID`,`asset_updatedTS`,`asset_createdTS`,`asset_deleteTS`) VALUES ('daa931da3a64489aaa87a1b32064917b','84ced00f7b3744d0b13f93ab2288f89e','ee3fe999cf1844c8bf4e0d0e3f99ba96','a30af0ce5e07474487c39adab6269d5f',1,'Setter 24','S24',NULL,'','',NULL,'2020-07-30 17:53:48',NULL);
INSERT INTO `asset` (`assetUUID`,`asset_locationUUID`,`asset_partUUID`,`asset_customerUUID`,`asset_statusId`,`asset_name`,`asset_shortName`,`asset_installDate`,`asset_createdByUUID`,`asset_updatedByUUID`,`asset_updatedTS`,`asset_createdTS`,`asset_deleteTS`) VALUES ('dc3547af0ae3453181dd014f012a00e5','ffa7e40b89274589b3e41a9ed7a67d0c','8aef695dec754a99a2bb7f5077968d60','a30af0ce5e07474487c39adab6269d5f',1,'Setter 19','S19',NULL,'','',NULL,'2020-07-30 17:53:32',NULL);
INSERT INTO `asset` (`assetUUID`,`asset_locationUUID`,`asset_partUUID`,`asset_customerUUID`,`asset_statusId`,`asset_name`,`asset_shortName`,`asset_installDate`,`asset_createdByUUID`,`asset_updatedByUUID`,`asset_updatedTS`,`asset_createdTS`,`asset_deleteTS`) VALUES ('dc496f062cb44856b8fab882efe4e901','ffa7e40b89274589b3e41a9ed7a67d0c','8aef695dec754a99a2bb7f5077968d60','a30af0ce5e07474487c39adab6269d5f',1,'Setter 17','S17',NULL,'','',NULL,'2020-07-30 17:53:28',NULL);
INSERT INTO `asset` (`assetUUID`,`asset_locationUUID`,`asset_partUUID`,`asset_customerUUID`,`asset_statusId`,`asset_name`,`asset_shortName`,`asset_installDate`,`asset_createdByUUID`,`asset_updatedByUUID`,`asset_updatedTS`,`asset_createdTS`,`asset_deleteTS`) VALUES ('e488f3b9c2894445b4e8aa4a96fa7dab','a30af0ce5e07474487c39adab6269d5f','0090d1d3b414471485c5e8b6f390a150','a30af0ce5e07474487c39adab6269d5f',1,'Chiller 1','Chiller 1',NULL,'','',NULL,'2020-07-30 17:54:36',NULL);
INSERT INTO `asset` (`assetUUID`,`asset_locationUUID`,`asset_partUUID`,`asset_customerUUID`,`asset_statusId`,`asset_name`,`asset_shortName`,`asset_installDate`,`asset_createdByUUID`,`asset_updatedByUUID`,`asset_updatedTS`,`asset_createdTS`,`asset_deleteTS`) VALUES ('e4f57343e39e438e954a780a59c1ab31','ffa7e40b89274589b3e41a9ed7a67d0c','8aef695dec754a99a2bb7f5077968d60','a30af0ce5e07474487c39adab6269d5f',1,'Setter 4','S4',NULL,'','',NULL,'2020-07-30 17:52:56',NULL);
INSERT INTO `asset` (`assetUUID`,`asset_locationUUID`,`asset_partUUID`,`asset_customerUUID`,`asset_statusId`,`asset_name`,`asset_shortName`,`asset_installDate`,`asset_createdByUUID`,`asset_updatedByUUID`,`asset_updatedTS`,`asset_createdTS`,`asset_deleteTS`) VALUES ('e5e37f884e18456890e2616e8b91efa0','ffa7e40b89274589b3e41a9ed7a67d0c','8aef695dec754a99a2bb7f5077968d60','a30af0ce5e07474487c39adab6269d5f',1,'Setter 7','S7',NULL,'','',NULL,'2020-07-30 17:53:03',NULL);
INSERT INTO `asset` (`assetUUID`,`asset_locationUUID`,`asset_partUUID`,`asset_customerUUID`,`asset_statusId`,`asset_name`,`asset_shortName`,`asset_installDate`,`asset_createdByUUID`,`asset_updatedByUUID`,`asset_updatedTS`,`asset_createdTS`,`asset_deleteTS`) VALUES ('eab8d338344b4bf2a862c85a5800a54e','ffa7e40b89274589b3e41a9ed7a67d0c','8aef695dec754a99a2bb7f5077968d60','a30af0ce5e07474487c39adab6269d5f',1,'Setter 18','S18',NULL,'','',NULL,'2020-07-30 17:53:30',NULL);
INSERT INTO `asset` (`assetUUID`,`asset_locationUUID`,`asset_partUUID`,`asset_customerUUID`,`asset_statusId`,`asset_name`,`asset_shortName`,`asset_installDate`,`asset_createdByUUID`,`asset_updatedByUUID`,`asset_updatedTS`,`asset_createdTS`,`asset_deleteTS`) VALUES ('edfe4b13ffcf47e0afa5fc6d3cfe19b7','84ced00f7b3744d0b13f93ab2288f89e','ee3fe999cf1844c8bf4e0d0e3f99ba96','a30af0ce5e07474487c39adab6269d5f',1,'Setter 25','S25',NULL,'','',NULL,'2020-07-30 17:53:50',NULL);
INSERT INTO `asset` (`assetUUID`,`asset_locationUUID`,`asset_partUUID`,`asset_customerUUID`,`asset_statusId`,`asset_name`,`asset_shortName`,`asset_installDate`,`asset_createdByUUID`,`asset_updatedByUUID`,`asset_updatedTS`,`asset_createdTS`,`asset_deleteTS`) VALUES ('ef2f505059a3410288b58cafb4a464c8','a30af0ce5e07474487c39adab6269d5f','69e0643f6213427388ed775d23e598c4','a30af0ce5e07474487c39adab6269d5f',1,'Hatcher 3','H3',NULL,'','',NULL,'2020-07-30 17:54:16',NULL);
INSERT INTO `asset` (`assetUUID`,`asset_locationUUID`,`asset_partUUID`,`asset_customerUUID`,`asset_statusId`,`asset_name`,`asset_shortName`,`asset_installDate`,`asset_createdByUUID`,`asset_updatedByUUID`,`asset_updatedTS`,`asset_createdTS`,`asset_deleteTS`) VALUES ('efdbf5c2b0d24063a77d73d058717604','a30af0ce5e07474487c39adab6269d5f','69e0643f6213427388ed775d23e598c4','a30af0ce5e07474487c39adab6269d5f',1,'Hatcher 7','H7',NULL,'','',NULL,'2020-07-30 17:54:26',NULL);
INSERT INTO `asset` (`assetUUID`,`asset_locationUUID`,`asset_partUUID`,`asset_customerUUID`,`asset_statusId`,`asset_name`,`asset_shortName`,`asset_installDate`,`asset_createdByUUID`,`asset_updatedByUUID`,`asset_updatedTS`,`asset_createdTS`,`asset_deleteTS`) VALUES ('f439e10783b64e5d9ce4bba8fa9a3a60','ffa7e40b89274589b3e41a9ed7a67d0c','8aef695dec754a99a2bb7f5077968d60','a30af0ce5e07474487c39adab6269d5f',1,'Setter 2','S2',NULL,'','',NULL,'2020-07-30 17:52:51',NULL);
INSERT INTO `asset` (`assetUUID`,`asset_locationUUID`,`asset_partUUID`,`asset_customerUUID`,`asset_statusId`,`asset_name`,`asset_shortName`,`asset_installDate`,`asset_createdByUUID`,`asset_updatedByUUID`,`asset_updatedTS`,`asset_createdTS`,`asset_deleteTS`) VALUES ('f6012ba062e54d93bde2bf4545473f97','ffa7e40b89274589b3e41a9ed7a67d0c','8aef695dec754a99a2bb7f5077968d60','a30af0ce5e07474487c39adab6269d5f',1,'Setter 10','S10',NULL,'','',NULL,'2020-07-30 17:53:11',NULL);
INSERT INTO `asset` (`assetUUID`,`asset_locationUUID`,`asset_partUUID`,`asset_customerUUID`,`asset_statusId`,`asset_name`,`asset_shortName`,`asset_installDate`,`asset_createdByUUID`,`asset_updatedByUUID`,`asset_updatedTS`,`asset_createdTS`,`asset_deleteTS`) VALUES ('f9d552794b2b4d56bb00c002dd960a42','a30af0ce5e07474487c39adab6269d5f','69e0643f6213427388ed775d23e598c4','a30af0ce5e07474487c39adab6269d5f',1,'Hatcher 1','H1',NULL,'','',NULL,'2020-07-30 17:54:12',NULL);
INSERT INTO `asset` (`assetUUID`,`asset_locationUUID`,`asset_partUUID`,`asset_customerUUID`,`asset_statusId`,`asset_name`,`asset_shortName`,`asset_installDate`,`asset_createdByUUID`,`asset_updatedByUUID`,`asset_updatedTS`,`asset_createdTS`,`asset_deleteTS`) VALUES ('fcaa0aeef66c4bc29c8a2bdcf87908a0','a30af0ce5e07474487c39adab6269d5f','ee3fe999cf1844c8bf4e0d0e3f99ba96','a30af0ce5e07474487c39adab6269d5f',1,'Chiller 2','Chiller 2',NULL,'','',NULL,'2020-07-30 17:54:38',NULL);
INSERT INTO `asset` (`assetUUID`,`asset_locationUUID`,`asset_partUUID`,`asset_customerUUID`,`asset_statusId`,`asset_name`,`asset_shortName`,`asset_installDate`,`asset_createdByUUID`,`asset_updatedByUUID`,`asset_updatedTS`,`asset_createdTS`,`asset_deleteTS`) VALUES ('fe2d186613ad404ba9a75c6d6f1df0dd','a30af0ce5e07474487c39adab6269d5f','','a30af0ce5e07474487c39adab6269d5f',1,'Egg Store','ES1',NULL,'','',NULL,'2020-07-30 17:54:41',NULL);
INSERT INTO `asset` (`assetUUID`,`asset_locationUUID`,`asset_partUUID`,`asset_customerUUID`,`asset_statusId`,`asset_name`,`asset_shortName`,`asset_installDate`,`asset_createdByUUID`,`asset_updatedByUUID`,`asset_updatedTS`,`asset_createdTS`,`asset_deleteTS`) VALUES ('fe53a04a4ce84bc0a006b4c78f7c650f','a30af0ce5e07474487c39adab6269d5f','','a30af0ce5e07474487c39adab6269d5f',1,'Egg Transfer','ET1',NULL,'','',NULL,'2020-07-30 17:54:43',NULL);

truncate asset_alert;

INSERT INTO `asset_alert` (`alertId`,`alert_assetUUID`,`alert_statusId`,`asset_description`,`alert_createdByUUID`,`alert_acknowledgedByUUID`,`alert_updatedTS`,`alert_createdTS`,`alert_deleteTS`) VALUES (1,'4bac0568871242efa878f86b344513fd',1,'','c710b9fae7514e9d86c1aec1591640df',NULL,NULL,'2020-01-01 00:00:00',NULL);
INSERT INTO `asset_alert` (`alertId`,`alert_assetUUID`,`alert_statusId`,`asset_description`,`alert_createdByUUID`,`alert_acknowledgedByUUID`,`alert_updatedTS`,`alert_createdTS`,`alert_deleteTS`) VALUES (2,'e488f3b9c2894445b4e8aa4a96fa7dab',1,'','c710b9fae7514e9d86c1aec1591640df',NULL,NULL,'2020-01-02 00:00:00',NULL);
INSERT INTO `asset_alert` (`alertId`,`alert_assetUUID`,`alert_statusId`,`asset_description`,`alert_createdByUUID`,`alert_acknowledgedByUUID`,`alert_updatedTS`,`alert_createdTS`,`alert_deleteTS`) VALUES (3,'c503d3216e7547ea902797f1eb2ef65e',1,'','242755853bc946c69e84cc767ca6b80c',NULL,NULL,'2020-01-03 00:00:00',NULL);
INSERT INTO `asset_alert` (`alertId`,`alert_assetUUID`,`alert_statusId`,`asset_description`,`alert_createdByUUID`,`alert_acknowledgedByUUID`,`alert_updatedTS`,`alert_createdTS`,`alert_deleteTS`) VALUES (4,'1ae334b6fb1d4903a58beebc385a3880',1,'','242755853bc946c69e84cc767ca6b80c',NULL,NULL,'2020-01-04 00:00:00',NULL);
INSERT INTO `asset_alert` (`alertId`,`alert_assetUUID`,`alert_statusId`,`asset_description`,`alert_createdByUUID`,`alert_acknowledgedByUUID`,`alert_updatedTS`,`alert_createdTS`,`alert_deleteTS`) VALUES (5,'5022502d7bce42c49d36f667dcdcbb47',1,'','c710b9fae7514e9d86c1aec1591640df',NULL,NULL,'2020-01-05 00:00:00',NULL);

truncate location;

INSERT INTO `location` (`locationUUID`,`location_customerUUID`,`location_statusId`,`location_type`,`location_name`,`location_description`,`location_isPrimary`,`location_imageUrl`,`location_hotSpotJSON`,`location_addressTypeId`,`location_address`,`location_address_city`,`location_address_state`,`location_address_zip`,`location_country`,`location_contact_name`,`location_contact_email`,`location_contact_phone`,`location_createdByUUID`,`location_updatedByUUID`,`location_updatedTS`,`location_createdTS`,`location_deleteTS`) VALUES ('179d6406ac1241e0bd148d3f1ccabf36','a30af0ce5e07474487c39adab6269d5f',1,NULL,'Ventilation',NULL,0,'https://jcmi.sfo2.digitaloceanspaces.com/demodata/Hendrix/layouts/JoiceAndHillUKVentilation.jpg','',1,'','',NULL,'','','','','','',NULL,NULL,'2020-07-30 19:26:58',NULL);
INSERT INTO `location` (`locationUUID`,`location_customerUUID`,`location_statusId`,`location_type`,`location_name`,`location_description`,`location_isPrimary`,`location_imageUrl`,`location_hotSpotJSON`,`location_addressTypeId`,`location_address`,`location_address_city`,`location_address_state`,`location_address_zip`,`location_country`,`location_contact_name`,`location_contact_email`,`location_contact_phone`,`location_createdByUUID`,`location_updatedByUUID`,`location_updatedTS`,`location_createdTS`,`location_deleteTS`) VALUES ('623388a08cc84b2ebceb9548433f6d5e','a30af0ce5e07474487c39adab6269d5f',1,NULL,'Egg Processing Rooms',NULL,0,'https://jcmi.sfo2.digitaloceanspaces.com/demodata/Hendrix/layouts/JoiceAndHillEggHandlingRooms.jpg','',1,'','',NULL,'','','','','','',NULL,NULL,'2020-07-30 19:26:54',NULL);
INSERT INTO `location` (`locationUUID`,`location_customerUUID`,`location_statusId`,`location_type`,`location_name`,`location_description`,`location_isPrimary`,`location_imageUrl`,`location_hotSpotJSON`,`location_addressTypeId`,`location_address`,`location_address_city`,`location_address_state`,`location_address_zip`,`location_country`,`location_contact_name`,`location_contact_email`,`location_contact_phone`,`location_createdByUUID`,`location_updatedByUUID`,`location_updatedTS`,`location_createdTS`,`location_deleteTS`) VALUES ('77e65305e3e746329daa288a31e1b10c','a30af0ce5e07474487c39adab6269d5f',1,NULL,'Hendrix Genetics UK - Joice & Hill','TRUE',0,'https://jcmi.sfo2.digitaloceanspaces.com/demodata/Hendrix/layouts/JoiceAndHillUK.JPG','',1,'The Hatchery','Green Road',NULL,'PE6 7YP','UK','Dale','Dale@Hendrix.co.uk','','',NULL,NULL,'2020-07-30 19:26:36',NULL);
INSERT INTO `location` (`locationUUID`,`location_customerUUID`,`location_statusId`,`location_type`,`location_name`,`location_description`,`location_isPrimary`,`location_imageUrl`,`location_hotSpotJSON`,`location_addressTypeId`,`location_address`,`location_address_city`,`location_address_state`,`location_address_zip`,`location_country`,`location_contact_name`,`location_contact_email`,`location_contact_phone`,`location_createdByUUID`,`location_updatedByUUID`,`location_updatedTS`,`location_createdTS`,`location_deleteTS`) VALUES ('84ced00f7b3744d0b13f93ab2288f89e','a30af0ce5e07474487c39adab6269d5f',1,NULL,'Setter Room 2',NULL,0,'https://jcmi.sfo2.digitaloceanspaces.com/demodata/Hendrix/layouts/JoiceAndHillUKSetterRoom2.jpg','',1,'','',NULL,'','','','','','',NULL,NULL,'2020-07-30 19:26:45',NULL);
INSERT INTO `location` (`locationUUID`,`location_customerUUID`,`location_statusId`,`location_type`,`location_name`,`location_description`,`location_isPrimary`,`location_imageUrl`,`location_hotSpotJSON`,`location_addressTypeId`,`location_address`,`location_address_city`,`location_address_state`,`location_address_zip`,`location_country`,`location_contact_name`,`location_contact_email`,`location_contact_phone`,`location_createdByUUID`,`location_updatedByUUID`,`location_updatedTS`,`location_createdTS`,`location_deleteTS`) VALUES ('9e6d0e2d91364b74b6b72642946c03dc','a30af0ce5e07474487c39adab6269d5f',1,NULL,'Global','TRUE',0,'https://jcmi.sfo2.digitaloceanspaces.com/demodata/Hendrix/layouts/HendrixGroup.JPG','',1,'Chick Master USA','Medina',NULL,'44256','USA','Mark','msentell@chickmaster.com','330-952-3005','',NULL,NULL,'2020-07-30 19:26:31',NULL);
INSERT INTO `location` (`locationUUID`,`location_customerUUID`,`location_statusId`,`location_type`,`location_name`,`location_description`,`location_isPrimary`,`location_imageUrl`,`location_hotSpotJSON`,`location_addressTypeId`,`location_address`,`location_address_city`,`location_address_state`,`location_address_zip`,`location_country`,`location_contact_name`,`location_contact_email`,`location_contact_phone`,`location_createdByUUID`,`location_updatedByUUID`,`location_updatedTS`,`location_createdTS`,`location_deleteTS`) VALUES ('a5bcad659b2442f38208a4d3fcb9ade5','a30af0ce5e07474487c39adab6269d5f',1,NULL,'Hatcher Room',NULL,0,'https://jcmi.sfo2.digitaloceanspaces.com/demodata/Hendrix/layouts/JoiceAndHillUKHatcherRooms.jpg','',1,'','',NULL,'','','','','','',NULL,NULL,'2020-07-30 19:26:49',NULL);
INSERT INTO `location` (`locationUUID`,`location_customerUUID`,`location_statusId`,`location_type`,`location_name`,`location_description`,`location_isPrimary`,`location_imageUrl`,`location_hotSpotJSON`,`location_addressTypeId`,`location_address`,`location_address_city`,`location_address_state`,`location_address_zip`,`location_country`,`location_contact_name`,`location_contact_email`,`location_contact_phone`,`location_createdByUUID`,`location_updatedByUUID`,`location_updatedTS`,`location_createdTS`,`location_deleteTS`) VALUES ('ffa7e40b89274589b3e41a9ed7a67d0c','a30af0ce5e07474487c39adab6269d5f',1,NULL,'Setter Room 1',NULL,0,'https://jcmi.sfo2.digitaloceanspaces.com/demodata/Hendrix/layouts/JoiceAndHillSetterRoom1.jpg','',1,'','',NULL,'','','','','','',NULL,NULL,'2020-07-30 19:26:40',NULL);

truncate attachment;

INSERT INTO `attachment` (`attachmentUUID`,`attachment_statusId`,`attachment_fileURL`,`attachment_shortName`,`attachment_description`,`attachment_mimeType`,`attachment_customerUUID`,`attachment_createdByUUID`,`attachment_acknowledgedByUUID`,`attachment_updatedTS`,`attachment_createdTS`,`attachment_deleteTS`) VALUES ('85a9fc657d60484eb35009250b50f9c7',1,'https://jcmi.sfo2.digitaloceanspaces.com/demodata/Hendrix/attachments/CC3-GL%20IOM%20Manual.pdf','CC3 14400','HVAC Unit','PDF','','','',NULL,'2020-07-30 19:45:05',NULL);
INSERT INTO `attachment` (`attachmentUUID`,`attachment_statusId`,`attachment_fileURL`,`attachment_shortName`,`attachment_description`,`attachment_mimeType`,`attachment_customerUUID`,`attachment_createdByUUID`,`attachment_acknowledgedByUUID`,`attachment_updatedTS`,`attachment_createdTS`,`attachment_deleteTS`) VALUES ('b1dd1035371a4cb7839c19e2c0b4ff78',1,'https://jcmi.sfo2.digitaloceanspaces.com/demodata/Hendrix/attachments/Train%20Chiller.PDF','Chiller','Train ABC123 Chiller Unit','PDF','','','',NULL,'2020-07-30 19:45:08',NULL);

-- ============== Knowledege Base

truncate knowledge_base;

INSERT INTO `knowledge_base` (`knowledgeUUID`,`knowledge_statusId`,`knowledge_imageURL`,`knowledge_tags`,`knowledge_categories`,`knowledge_title`,`knowledge_content`,`knowledge_customerUUID`,`knowledge_likes`,`knowledge_dislikes`,`knowledge_createdByUUID`,`knowledge_acknowledgedByUUID`,`knowledge_updatedTS`,`knowledge_createdTS`,`knowledge_deleteTS`) VALUES ('15d2367997f3494cb78b2c62a7868b91',1,'image.jpg','A18,Rock','configruation, troubleshooting, incubation','Heater Runs Constantly ZONE 1',NULL,NULL,100,5,'','',NULL,'2020-07-31 11:44:06',NULL);
INSERT INTO `knowledge_base` (`knowledgeUUID`,`knowledge_statusId`,`knowledge_imageURL`,`knowledge_tags`,`knowledge_categories`,`knowledge_title`,`knowledge_content`,`knowledge_customerUUID`,`knowledge_likes`,`knowledge_dislikes`,`knowledge_createdByUUID`,`knowledge_acknowledgedByUUID`,`knowledge_updatedTS`,`knowledge_createdTS`,`knowledge_deleteTS`) VALUES ('23bce1570e7947a49cfa6038d5b4f4c9',1,'','A18,Rock','configruation, troubleshooting, incubation','Heater Will Not Run ZONE 1',NULL,NULL,100,5,'','',NULL,'2020-07-31 11:44:14',NULL);
INSERT INTO `knowledge_base` (`knowledgeUUID`,`knowledge_statusId`,`knowledge_imageURL`,`knowledge_tags`,`knowledge_categories`,`knowledge_title`,`knowledge_content`,`knowledge_customerUUID`,`knowledge_likes`,`knowledge_dislikes`,`knowledge_createdByUUID`,`knowledge_acknowledgedByUUID`,`knowledge_updatedTS`,`knowledge_createdTS`,`knowledge_deleteTS`) VALUES ('25810eb73bdc4444a64590b73fe00627',1,'','A18,Rock','configruation, troubleshooting, incubation','Fan # 1 Stopped',NULL,NULL,100,5,'','',NULL,'2020-07-31 11:44:03',NULL);
INSERT INTO `knowledge_base` (`knowledgeUUID`,`knowledge_statusId`,`knowledge_imageURL`,`knowledge_tags`,`knowledge_categories`,`knowledge_title`,`knowledge_content`,`knowledge_customerUUID`,`knowledge_likes`,`knowledge_dislikes`,`knowledge_createdByUUID`,`knowledge_acknowledgedByUUID`,`knowledge_updatedTS`,`knowledge_createdTS`,`knowledge_deleteTS`) VALUES ('42a32a044862463ebd410ad3fb27e68a',1,'','A18,Rock','configruation, troubleshooting, incubation','No Humidity Spray',NULL,NULL,100,5,'','',NULL,'2020-07-31 11:43:46',NULL);
INSERT INTO `knowledge_base` (`knowledgeUUID`,`knowledge_statusId`,`knowledge_imageURL`,`knowledge_tags`,`knowledge_categories`,`knowledge_title`,`knowledge_content`,`knowledge_customerUUID`,`knowledge_likes`,`knowledge_dislikes`,`knowledge_createdByUUID`,`knowledge_acknowledgedByUUID`,`knowledge_updatedTS`,`knowledge_createdTS`,`knowledge_deleteTS`) VALUES ('56d9e4d5f46145f18b732210437bf9fa',1,'','A18,Rock','configruation, troubleshooting, incubation','No Water Cooling ZONE 1',NULL,NULL,100,5,'','',NULL,'2020-07-31 11:43:54',NULL);
INSERT INTO `knowledge_base` (`knowledgeUUID`,`knowledge_statusId`,`knowledge_imageURL`,`knowledge_tags`,`knowledge_categories`,`knowledge_title`,`knowledge_content`,`knowledge_customerUUID`,`knowledge_likes`,`knowledge_dislikes`,`knowledge_createdByUUID`,`knowledge_acknowledgedByUUID`,`knowledge_updatedTS`,`knowledge_createdTS`,`knowledge_deleteTS`) VALUES ('708e3d5b2c3143839197e590b291364b',1,'','A18,Rock','configruation, troubleshooting, incubation','Machine Stopped',NULL,NULL,100,5,'','',NULL,'2020-07-31 11:44:18',NULL);
INSERT INTO `knowledge_base` (`knowledgeUUID`,`knowledge_statusId`,`knowledge_imageURL`,`knowledge_tags`,`knowledge_categories`,`knowledge_title`,`knowledge_content`,`knowledge_customerUUID`,`knowledge_likes`,`knowledge_dislikes`,`knowledge_createdByUUID`,`knowledge_acknowledgedByUUID`,`knowledge_updatedTS`,`knowledge_createdTS`,`knowledge_deleteTS`) VALUES ('b1319f9aff38443fa6771cacc8506cea',1,'','A18,Rock','configruation, troubleshooting, incubation','Cooling Water Runs Constantly  ZONE 1',NULL,NULL,100,5,'','',NULL,'2020-07-31 11:43:59',NULL);
INSERT INTO `knowledge_base` (`knowledgeUUID`,`knowledge_statusId`,`knowledge_imageURL`,`knowledge_tags`,`knowledge_categories`,`knowledge_title`,`knowledge_content`,`knowledge_customerUUID`,`knowledge_likes`,`knowledge_dislikes`,`knowledge_createdByUUID`,`knowledge_acknowledgedByUUID`,`knowledge_updatedTS`,`knowledge_createdTS`,`knowledge_deleteTS`) VALUES ('c81ff8b2b9fe412ea029a310509a02e8',1,'','A18,Rock','configruation, troubleshooting, incubation','Humidity Spray Runs Constantly',NULL,NULL,100,5,'','',NULL,'2020-07-31 11:43:50',NULL);
INSERT INTO `knowledge_base` (`knowledgeUUID`,`knowledge_statusId`,`knowledge_imageURL`,`knowledge_tags`,`knowledge_categories`,`knowledge_title`,`knowledge_content`,`knowledge_customerUUID`,`knowledge_likes`,`knowledge_dislikes`,`knowledge_createdByUUID`,`knowledge_acknowledgedByUUID`,`knowledge_updatedTS`,`knowledge_createdTS`,`knowledge_deleteTS`) VALUES ('ef085a9d9f45413eac9579e3fbbb5707',1,'','A18,Rock','configruation, troubleshooting, incubation','Over Temperature Alarm',NULL,NULL,100,5,'','',NULL,'2020-07-31 11:44:10',NULL);

-- =============Diagnostic Tree

truncate diagnostic_tree;

INSERT INTO `diagnostic_tree` (`diagnosticUUID`,`diagnostic_statusId`,`diagnostic_name`,`diagnostic_description`,`diagnostic_startNodeUUID`,`diagnostic_createdByUUID`,`diagnostic_updatedByUUID`,`diagnostic_updatedTS`,`diagnostic_createdTS`,`diagnostic_deleteTS`) VALUES ('633a54011d76432b9fa18b0b6308c189',1,'a tree to diagnose problems with a heating coil',NULL,'1','','',NULL,'2020-07-31 12:13:20',NULL);

truncate diagnostic_node;

INSERT INTO `diagnostic_node` (`diagnostic_nodeUUID`,`diagnostic_node_diagnosticUUID`,`diagnostic_node_statusId`,`diagnostic_node_title`,`diagnostic_node_prompt`,`diagnostic_node_optionPrompt`,`diagnostic_node_hotSpotJSON`,`diagnostic_node_imageSetJSON`,`diagnostic_node_optionSetJSON`,`diagnostic_node_createdByUUID`,`diagnostic_node_updatedByUUID`,`diagnostic_node_updatedTS`,`diagnostic_node_createdTS`,`diagnostic_node_deleteTS`) VALUES ('06302360b8c248fe84109d2a0f9fbd49','633a54011d76432b9fa18b0b6308c189',1,'Diagnose a Fault','Click the nature of the fault, Machine or Zone related','','{ll:[1,4],ur:[5,10],forwardType:\"NODE\",forwardUUID:2,cssClass}\'','https://jcmi.sfo2.digitaloceanspaces.com/demodata/Hendrix/diagnostics/Heating1.JPG','{\"Whole Machine\": Node, \"Zone Specific\":  NODE 2','','',NULL,'2020-07-31 12:22:02',NULL);
INSERT INTO `diagnostic_node` (`diagnostic_nodeUUID`,`diagnostic_node_diagnosticUUID`,`diagnostic_node_statusId`,`diagnostic_node_title`,`diagnostic_node_prompt`,`diagnostic_node_optionPrompt`,`diagnostic_node_hotSpotJSON`,`diagnostic_node_imageSetJSON`,`diagnostic_node_optionSetJSON`,`diagnostic_node_createdByUUID`,`diagnostic_node_updatedByUUID`,`diagnostic_node_updatedTS`,`diagnostic_node_createdTS`,`diagnostic_node_deleteTS`) VALUES ('1834487471bb4cccbaa8b0dc1cedc463','633a54011d76432b9fa18b0b6308c189',1,'Success !!','Well Done you fxed the fault.','Start Troubleshooting again ?','','https://jcmi.sfo2.digitaloceanspaces.com/demodata/Hendrix/diagnostics/Done.jpg','{\"Yes\": Node1, \"No\":  Home','','',NULL,'2020-07-31 12:22:18',NULL);
INSERT INTO `diagnostic_node` (`diagnostic_nodeUUID`,`diagnostic_node_diagnosticUUID`,`diagnostic_node_statusId`,`diagnostic_node_title`,`diagnostic_node_prompt`,`diagnostic_node_optionPrompt`,`diagnostic_node_hotSpotJSON`,`diagnostic_node_imageSetJSON`,`diagnostic_node_optionSetJSON`,`diagnostic_node_createdByUUID`,`diagnostic_node_updatedByUUID`,`diagnostic_node_updatedTS`,`diagnostic_node_createdTS`,`diagnostic_node_deleteTS`) VALUES ('5d84cb09d6fb473baba1b8914fc30c3f','633a54011d76432b9fa18b0b6308c189',1,'The Fault is Zone Specific','Select the area of the fault','Selecte either Heating, Cooling, Fan, Temp Sensors or Humidity','{ll:[1,4],ur:[5,10],forwardType:\"NODE\",forwardUUID:2,cssClass}\'',' https://jcmi.sfo2.digitaloceanspaces.com/demodata/Hendrix/diagnostics/Heating2.JPG','','','',NULL,'2020-07-31 12:22:06',NULL);
INSERT INTO `diagnostic_node` (`diagnostic_nodeUUID`,`diagnostic_node_diagnosticUUID`,`diagnostic_node_statusId`,`diagnostic_node_title`,`diagnostic_node_prompt`,`diagnostic_node_optionPrompt`,`diagnostic_node_hotSpotJSON`,`diagnostic_node_imageSetJSON`,`diagnostic_node_optionSetJSON`,`diagnostic_node_createdByUUID`,`diagnostic_node_updatedByUUID`,`diagnostic_node_updatedTS`,`diagnostic_node_createdTS`,`diagnostic_node_deleteTS`) VALUES ('63c22622ec754a618917ee26b7f60804','633a54011d76432b9fa18b0b6308c189',1,'Heating Element Troubleshooting','Please check the heating element for continuity. Use the resistance (OHM) setting on a multimeter. ','If this is an open circuit (no resistance on the multimeter), please replace the heating element. - Would you like to order  the part ?','','https://jcmi.sfo2.digitaloceanspaces.com/demodata/Hendrix/diagnostics/Heating4.JPG','{\"Yes : Order Part,  \"Finished\": Node 6\")','','',NULL,'2020-07-31 12:22:14',NULL);
INSERT INTO `diagnostic_node` (`diagnostic_nodeUUID`,`diagnostic_node_diagnosticUUID`,`diagnostic_node_statusId`,`diagnostic_node_title`,`diagnostic_node_prompt`,`diagnostic_node_optionPrompt`,`diagnostic_node_hotSpotJSON`,`diagnostic_node_imageSetJSON`,`diagnostic_node_optionSetJSON`,`diagnostic_node_createdByUUID`,`diagnostic_node_updatedByUUID`,`diagnostic_node_updatedTS`,`diagnostic_node_createdTS`,`diagnostic_node_deleteTS`) VALUES ('a5117edef40f4b319adc81b7bbe9fc06','633a54011d76432b9fa18b0b6308c189',1,'Heating Element Troubleshooting','Please check the supply breakers to the heating elements - these are CB15 and CB16.','Were the Breakers Tripped ?','','https://jcmi.sfo2.digitaloceanspaces.com/demodata/Hendrix/diagnostics/Heating3.JPG','{\"Yes\": Node 6, \"No\":  Node 4','','',NULL,'2020-07-31 12:22:09',NULL);

-- ============== Checklist

truncate checklist;

INSERT INTO `checklist` (`checklistUUID`,`checklist_customerUUID`,`checklist_statusId`,`checklist_name`,`checklist_recommendedFrequency`,`checklist_rulesJSON`,`checklist_createdByUUID`,`checklist_updatedByUUID`,`checklist_updatedTS`,`checklist_createdTS`,`checklist_deleteTS`) VALUES ('2b61b61eb4d141799a9560cccb109f59','a30af0ce5e07474487c39adab6269d5f',1,'Daily Check Sheet','Daily Check','{ assetRequired=0,1}','','',NULL,'2020-07-31 12:27:11',NULL);
INSERT INTO `checklist` (`checklistUUID`,`checklist_customerUUID`,`checklist_statusId`,`checklist_name`,`checklist_recommendedFrequency`,`checklist_rulesJSON`,`checklist_createdByUUID`,`checklist_updatedByUUID`,`checklist_updatedTS`,`checklist_createdTS`,`checklist_deleteTS`) VALUES ('8090644719c64be4abd2ba78f915bf5d','a30af0ce5e07474487c39adab6269d5f',1,'Pre-Transfer Checklist','Before Transfer','{ assetRequired=0,1}','','',NULL,'2020-07-31 12:27:08',NULL);
INSERT INTO `checklist` (`checklistUUID`,`checklist_customerUUID`,`checklist_statusId`,`checklist_name`,`checklist_recommendedFrequency`,`checklist_rulesJSON`,`checklist_createdByUUID`,`checklist_updatedByUUID`,`checklist_updatedTS`,`checklist_createdTS`,`checklist_deleteTS`) VALUES ('aa8ba3cfecda4dc09ad52c0abf670807','a30af0ce5e07474487c39adab6269d5f',1,'Monthly Maint Check','Monthly','{ assetRequired=0,1}','','',NULL,'2020-07-31 12:27:13',NULL);
INSERT INTO `checklist` (`checklistUUID`,`checklist_customerUUID`,`checklist_statusId`,`checklist_name`,`checklist_recommendedFrequency`,`checklist_rulesJSON`,`checklist_createdByUUID`,`checklist_updatedByUUID`,`checklist_updatedTS`,`checklist_createdTS`,`checklist_deleteTS`) VALUES ('b4cc8af1e61a48f994c6ea5a0ff90542','a30af0ce5e07474487c39adab6269d5f',1,'Pre-Set Checklist','Before Seting Eggs','{ assetRequired=0,1}','','',NULL,'2020-07-31 12:27:04',NULL);

truncate checklist_item;

INSERT INTO `checklist_item` (`checklist_itemUUID`,`checklist_item_checklistUUID`,`checklist_item_customerUUID`,`checklist_item_statusId`,`checklist_item_sortOrder`,`checklist_item_prompt`,`checklist_item_type`,`checklist_item_optionSetJSON`,`checklist_item_successPrompt`,`checklist_item_successRange`,`checklist_item_createdByUUID`,`checklist_item_updatedByUUID`,`checklist_item_updatedTS`,`checklist_item_createdTS`,`checklist_item_deleteTS`) VALUES ('015aa5fd863849d49f3216c784b41dbb','8090644719c64be4abd2ba78f915bf5d','a30af0ce5e07474487c39adab6269d5f',1,8,'Check Door Seals','boolean','YES / NO','YES','YES','','',NULL,'2020-07-31 12:59:18',NULL);
INSERT INTO `checklist_item` (`checklist_itemUUID`,`checklist_item_checklistUUID`,`checklist_item_customerUUID`,`checklist_item_statusId`,`checklist_item_sortOrder`,`checklist_item_prompt`,`checklist_item_type`,`checklist_item_optionSetJSON`,`checklist_item_successPrompt`,`checklist_item_successRange`,`checklist_item_createdByUUID`,`checklist_item_updatedByUUID`,`checklist_item_updatedTS`,`checklist_item_createdTS`,`checklist_item_deleteTS`) VALUES ('084c6a7b515e4f1a9ba58f8b58581fc0','2b61b61eb4d141799a9560cccb109f59','a30af0ce5e07474487c39adab6269d5f',1,3,'Enter Stage Runtime #','Value','Value','Enter Current Value','0-50','','',NULL,'2020-07-31 13:00:07',NULL);
INSERT INTO `checklist_item` (`checklist_itemUUID`,`checklist_item_checklistUUID`,`checklist_item_customerUUID`,`checklist_item_statusId`,`checklist_item_sortOrder`,`checklist_item_prompt`,`checklist_item_type`,`checklist_item_optionSetJSON`,`checklist_item_successPrompt`,`checklist_item_successRange`,`checklist_item_createdByUUID`,`checklist_item_updatedByUUID`,`checklist_item_updatedTS`,`checklist_item_createdTS`,`checklist_item_deleteTS`) VALUES ('109c550dd7bf43088b1a92a36207cbb5','b4cc8af1e61a48f994c6ea5a0ff90542','a30af0ce5e07474487c39adab6269d5f',1,1,'Check Belt Tension','boolean','YES / NO','YES','YES','','',NULL,'2020-07-31 12:57:31',NULL);
INSERT INTO `checklist_item` (`checklist_itemUUID`,`checklist_item_checklistUUID`,`checklist_item_customerUUID`,`checklist_item_statusId`,`checklist_item_sortOrder`,`checklist_item_prompt`,`checklist_item_type`,`checklist_item_optionSetJSON`,`checklist_item_successPrompt`,`checklist_item_successRange`,`checklist_item_createdByUUID`,`checklist_item_updatedByUUID`,`checklist_item_updatedTS`,`checklist_item_createdTS`,`checklist_item_deleteTS`) VALUES ('12d41f3c0d7a42af96fe3d04368a8ea1','b4cc8af1e61a48f994c6ea5a0ff90542','a30af0ce5e07474487c39adab6269d5f',1,15,'Check Electraic Heating operational','boolean','YES / NO','YES','YES','','',NULL,'2020-07-31 12:58:28',NULL);
INSERT INTO `checklist_item` (`checklist_itemUUID`,`checklist_item_checklistUUID`,`checklist_item_customerUUID`,`checklist_item_statusId`,`checklist_item_sortOrder`,`checklist_item_prompt`,`checklist_item_type`,`checklist_item_optionSetJSON`,`checklist_item_successPrompt`,`checklist_item_successRange`,`checklist_item_createdByUUID`,`checklist_item_updatedByUUID`,`checklist_item_updatedTS`,`checklist_item_createdTS`,`checklist_item_deleteTS`) VALUES ('182c6d3f16554ae79fe381d6a1f754e1','2b61b61eb4d141799a9560cccb109f59','a30af0ce5e07474487c39adab6269d5f',1,1,'Enter Current Turning Count','Value','Value','Enter Current Value','<1','','',NULL,'2020-07-31 12:59:58',NULL);
INSERT INTO `checklist_item` (`checklist_itemUUID`,`checklist_item_checklistUUID`,`checklist_item_customerUUID`,`checklist_item_statusId`,`checklist_item_sortOrder`,`checklist_item_prompt`,`checklist_item_type`,`checklist_item_optionSetJSON`,`checklist_item_successPrompt`,`checklist_item_successRange`,`checklist_item_createdByUUID`,`checklist_item_updatedByUUID`,`checklist_item_updatedTS`,`checklist_item_createdTS`,`checklist_item_deleteTS`) VALUES ('1a864a9473b54ebfac7ec40fe03cd334','b4cc8af1e61a48f994c6ea5a0ff90542','a30af0ce5e07474487c39adab6269d5f',1,5,'Check Fan Bolts Secure','boolean','YES / NO','YES','YES','','',NULL,'2020-07-31 12:57:47',NULL);
INSERT INTO `checklist_item` (`checklist_itemUUID`,`checklist_item_checklistUUID`,`checklist_item_customerUUID`,`checklist_item_statusId`,`checklist_item_sortOrder`,`checklist_item_prompt`,`checklist_item_type`,`checklist_item_optionSetJSON`,`checklist_item_successPrompt`,`checklist_item_successRange`,`checklist_item_createdByUUID`,`checklist_item_updatedByUUID`,`checklist_item_updatedTS`,`checklist_item_createdTS`,`checklist_item_deleteTS`) VALUES ('25369c95e5c44f6e8940584d04a32b02','8090644719c64be4abd2ba78f915bf5d','a30af0ce5e07474487c39adab6269d5f',1,6,'Check Damper Seals Close','boolean','YES / NO','YES','YES','','',NULL,'2020-07-31 12:59:09',NULL);
INSERT INTO `checklist_item` (`checklist_itemUUID`,`checklist_item_checklistUUID`,`checklist_item_customerUUID`,`checklist_item_statusId`,`checklist_item_sortOrder`,`checklist_item_prompt`,`checklist_item_type`,`checklist_item_optionSetJSON`,`checklist_item_successPrompt`,`checklist_item_successRange`,`checklist_item_createdByUUID`,`checklist_item_updatedByUUID`,`checklist_item_updatedTS`,`checklist_item_createdTS`,`checklist_item_deleteTS`) VALUES ('261d9179fa124d48b278b56bc435d6d1','b4cc8af1e61a48f994c6ea5a0ff90542','a30af0ce5e07474487c39adab6269d5f',1,18,'Check Damper Operates','boolean','YES / NO','YES','YES','','',NULL,'2020-07-31 12:58:41',NULL);
INSERT INTO `checklist_item` (`checklist_itemUUID`,`checklist_item_checklistUUID`,`checklist_item_customerUUID`,`checklist_item_statusId`,`checklist_item_sortOrder`,`checklist_item_prompt`,`checklist_item_type`,`checklist_item_optionSetJSON`,`checklist_item_successPrompt`,`checklist_item_successRange`,`checklist_item_createdByUUID`,`checklist_item_updatedByUUID`,`checklist_item_updatedTS`,`checklist_item_createdTS`,`checklist_item_deleteTS`) VALUES ('271e7648baca40c0b5267e26be0b3e12','b4cc8af1e61a48f994c6ea5a0ff90542','a30af0ce5e07474487c39adab6269d5f',1,12,'Check Shoe Position','boolean','YES / NO','YES','YES','','',NULL,'2020-07-31 12:58:15',NULL);
INSERT INTO `checklist_item` (`checklist_itemUUID`,`checklist_item_checklistUUID`,`checklist_item_customerUUID`,`checklist_item_statusId`,`checklist_item_sortOrder`,`checklist_item_prompt`,`checklist_item_type`,`checklist_item_optionSetJSON`,`checklist_item_successPrompt`,`checklist_item_successRange`,`checklist_item_createdByUUID`,`checklist_item_updatedByUUID`,`checklist_item_updatedTS`,`checklist_item_createdTS`,`checklist_item_deleteTS`) VALUES ('275cd350499f4af29072a1b229c0f8a9','b4cc8af1e61a48f994c6ea5a0ff90542','a30af0ce5e07474487c39adab6269d5f',1,9,'Check Humidity Probe Cap is Removed','boolean','YES / NO','YES','YES','','',NULL,'2020-07-31 12:58:04',NULL);
INSERT INTO `checklist_item` (`checklist_itemUUID`,`checklist_item_checklistUUID`,`checklist_item_customerUUID`,`checklist_item_statusId`,`checklist_item_sortOrder`,`checklist_item_prompt`,`checklist_item_type`,`checklist_item_optionSetJSON`,`checklist_item_successPrompt`,`checklist_item_successRange`,`checklist_item_createdByUUID`,`checklist_item_updatedByUUID`,`checklist_item_updatedTS`,`checklist_item_createdTS`,`checklist_item_deleteTS`) VALUES ('3fd4e9704ee34eeca77ad6f926410c61','b4cc8af1e61a48f994c6ea5a0ff90542','a30af0ce5e07474487c39adab6269d5f',1,11,'Check Shoe Height','boolean','YES / NO','YES','YES','','',NULL,'2020-07-31 12:58:12',NULL);
INSERT INTO `checklist_item` (`checklist_itemUUID`,`checklist_item_checklistUUID`,`checklist_item_customerUUID`,`checklist_item_statusId`,`checklist_item_sortOrder`,`checklist_item_prompt`,`checklist_item_type`,`checklist_item_optionSetJSON`,`checklist_item_successPrompt`,`checklist_item_successRange`,`checklist_item_createdByUUID`,`checklist_item_updatedByUUID`,`checklist_item_updatedTS`,`checklist_item_createdTS`,`checklist_item_deleteTS`) VALUES ('40a6a6c2f28d42f592fbf5017227587d','8090644719c64be4abd2ba78f915bf5d','a30af0ce5e07474487c39adab6269d5f',1,12,'Check Cooling Solenoid Operates','boolean','YES / NO','YES','YES','','',NULL,'2020-07-31 12:59:34',NULL);
INSERT INTO `checklist_item` (`checklist_itemUUID`,`checklist_item_checklistUUID`,`checklist_item_customerUUID`,`checklist_item_statusId`,`checklist_item_sortOrder`,`checklist_item_prompt`,`checklist_item_type`,`checklist_item_optionSetJSON`,`checklist_item_successPrompt`,`checklist_item_successRange`,`checklist_item_createdByUUID`,`checklist_item_updatedByUUID`,`checklist_item_updatedTS`,`checklist_item_createdTS`,`checklist_item_deleteTS`) VALUES ('494abcadf519476b95a730cf5c6383b9','8090644719c64be4abd2ba78f915bf5d','a30af0ce5e07474487c39adab6269d5f',1,17,'Fill Cistern / Bottle','boolean','YES / NO','YES','YES','','',NULL,'2020-07-31 12:59:54',NULL);
INSERT INTO `checklist_item` (`checklist_itemUUID`,`checklist_item_checklistUUID`,`checklist_item_customerUUID`,`checklist_item_statusId`,`checklist_item_sortOrder`,`checklist_item_prompt`,`checklist_item_type`,`checklist_item_optionSetJSON`,`checklist_item_successPrompt`,`checklist_item_successRange`,`checklist_item_createdByUUID`,`checklist_item_updatedByUUID`,`checklist_item_updatedTS`,`checklist_item_createdTS`,`checklist_item_deleteTS`) VALUES ('53dd6348e9a745408d3d24cb94ef5482','8090644719c64be4abd2ba78f915bf5d','a30af0ce5e07474487c39adab6269d5f',1,2,'Check Belt Condition','boolean','YES / NO','YES','YES','','',NULL,'2020-07-31 12:58:53',NULL);
INSERT INTO `checklist_item` (`checklist_itemUUID`,`checklist_item_checklistUUID`,`checklist_item_customerUUID`,`checklist_item_statusId`,`checklist_item_sortOrder`,`checklist_item_prompt`,`checklist_item_type`,`checklist_item_optionSetJSON`,`checklist_item_successPrompt`,`checklist_item_successRange`,`checklist_item_createdByUUID`,`checklist_item_updatedByUUID`,`checklist_item_updatedTS`,`checklist_item_createdTS`,`checklist_item_deleteTS`) VALUES ('5a16f97c8b32466a915c937c6b18551d','b4cc8af1e61a48f994c6ea5a0ff90542','a30af0ce5e07474487c39adab6269d5f',1,13,'Check Tray Frame Angle','boolean','Value','-10','YES','','',NULL,'2020-07-31 12:58:19',NULL);
INSERT INTO `checklist_item` (`checklist_itemUUID`,`checklist_item_checklistUUID`,`checklist_item_customerUUID`,`checklist_item_statusId`,`checklist_item_sortOrder`,`checklist_item_prompt`,`checklist_item_type`,`checklist_item_optionSetJSON`,`checklist_item_successPrompt`,`checklist_item_successRange`,`checklist_item_createdByUUID`,`checklist_item_updatedByUUID`,`checklist_item_updatedTS`,`checklist_item_createdTS`,`checklist_item_deleteTS`) VALUES ('5c950fb737984fa28c08313c960339d1','8090644719c64be4abd2ba78f915bf5d','a30af0ce5e07474487c39adab6269d5f',1,3,'Check Belt Alignment','boolean','YES / NO','YES','YES','','',NULL,'2020-07-31 12:58:57',NULL);
INSERT INTO `checklist_item` (`checklist_itemUUID`,`checklist_item_checklistUUID`,`checklist_item_customerUUID`,`checklist_item_statusId`,`checklist_item_sortOrder`,`checklist_item_prompt`,`checklist_item_type`,`checklist_item_optionSetJSON`,`checklist_item_successPrompt`,`checklist_item_successRange`,`checklist_item_createdByUUID`,`checklist_item_updatedByUUID`,`checklist_item_updatedTS`,`checklist_item_createdTS`,`checklist_item_deleteTS`) VALUES ('5fc472793b6641cabc2d1de42ef58aff','b4cc8af1e61a48f994c6ea5a0ff90542','a30af0ce5e07474487c39adab6269d5f',1,3,'Check Belt Alignment','boolean','YES / NO','YES','YES','','',NULL,'2020-07-31 12:57:39',NULL);
INSERT INTO `checklist_item` (`checklist_itemUUID`,`checklist_item_checklistUUID`,`checklist_item_customerUUID`,`checklist_item_statusId`,`checklist_item_sortOrder`,`checklist_item_prompt`,`checklist_item_type`,`checklist_item_optionSetJSON`,`checklist_item_successPrompt`,`checklist_item_successRange`,`checklist_item_createdByUUID`,`checklist_item_updatedByUUID`,`checklist_item_updatedTS`,`checklist_item_createdTS`,`checklist_item_deleteTS`) VALUES ('67f1057962bb409d837574af4c0536b7','aa8ba3cfecda4dc09ad52c0abf670807','a30af0ce5e07474487c39adab6269d5f',1,5,'Check Control cabinet for water ingress','boolean','YES / NO','YES','YES','','',NULL,'2020-07-31 13:00:31',NULL);
INSERT INTO `checklist_item` (`checklist_itemUUID`,`checklist_item_checklistUUID`,`checklist_item_customerUUID`,`checklist_item_statusId`,`checklist_item_sortOrder`,`checklist_item_prompt`,`checklist_item_type`,`checklist_item_optionSetJSON`,`checklist_item_successPrompt`,`checklist_item_successRange`,`checklist_item_createdByUUID`,`checklist_item_updatedByUUID`,`checklist_item_updatedTS`,`checklist_item_createdTS`,`checklist_item_deleteTS`) VALUES ('6d3921608aa74830b15e1b2b89d10cdc','aa8ba3cfecda4dc09ad52c0abf670807','a30af0ce5e07474487c39adab6269d5f',1,3,'Tighten Screws','boolean','YES / NO','YES','YES','','',NULL,'2020-07-31 13:00:23',NULL);
INSERT INTO `checklist_item` (`checklist_itemUUID`,`checklist_item_checklistUUID`,`checklist_item_customerUUID`,`checklist_item_statusId`,`checklist_item_sortOrder`,`checklist_item_prompt`,`checklist_item_type`,`checklist_item_optionSetJSON`,`checklist_item_successPrompt`,`checklist_item_successRange`,`checklist_item_createdByUUID`,`checklist_item_updatedByUUID`,`checklist_item_updatedTS`,`checklist_item_createdTS`,`checklist_item_deleteTS`) VALUES ('6e6ae849f2ff489cb9154f57999b12c5','aa8ba3cfecda4dc09ad52c0abf670807','a30af0ce5e07474487c39adab6269d5f',1,1,'Lubricate Castors with Oil','boolean','YES / NO','YES','YES','','',NULL,'2020-07-31 13:00:15',NULL);
INSERT INTO `checklist_item` (`checklist_itemUUID`,`checklist_item_checklistUUID`,`checklist_item_customerUUID`,`checklist_item_statusId`,`checklist_item_sortOrder`,`checklist_item_prompt`,`checklist_item_type`,`checklist_item_optionSetJSON`,`checklist_item_successPrompt`,`checklist_item_successRange`,`checklist_item_createdByUUID`,`checklist_item_updatedByUUID`,`checklist_item_updatedTS`,`checklist_item_createdTS`,`checklist_item_deleteTS`) VALUES ('6e969b6647754b5f9e8383159b5ff182','aa8ba3cfecda4dc09ad52c0abf670807','a30af0ce5e07474487c39adab6269d5f',1,8,'Check Roof for water leaks','boolean','YES / NO','YES','YES','','',NULL,'2020-07-31 13:00:44',NULL);
INSERT INTO `checklist_item` (`checklist_itemUUID`,`checklist_item_checklistUUID`,`checklist_item_customerUUID`,`checklist_item_statusId`,`checklist_item_sortOrder`,`checklist_item_prompt`,`checklist_item_type`,`checklist_item_optionSetJSON`,`checklist_item_successPrompt`,`checklist_item_successRange`,`checklist_item_createdByUUID`,`checklist_item_updatedByUUID`,`checklist_item_updatedTS`,`checklist_item_createdTS`,`checklist_item_deleteTS`) VALUES ('780b94a20da04fc4b308cb6fbd50c973','aa8ba3cfecda4dc09ad52c0abf670807','a30af0ce5e07474487c39adab6269d5f',1,7,'Check for Damaged hardware','boolean','YES / NO','YES','YES','','',NULL,'2020-07-31 13:00:39',NULL);
INSERT INTO `checklist_item` (`checklist_itemUUID`,`checklist_item_checklistUUID`,`checklist_item_customerUUID`,`checklist_item_statusId`,`checklist_item_sortOrder`,`checklist_item_prompt`,`checklist_item_type`,`checklist_item_optionSetJSON`,`checklist_item_successPrompt`,`checklist_item_successRange`,`checklist_item_createdByUUID`,`checklist_item_updatedByUUID`,`checklist_item_updatedTS`,`checklist_item_createdTS`,`checklist_item_deleteTS`) VALUES ('806cdaaffd3148c28c05a3691e00da9a','8090644719c64be4abd2ba78f915bf5d','a30af0ce5e07474487c39adab6269d5f',1,4,'Check Strainer Condition','boolean','YES / NO','YES','YES','','',NULL,'2020-07-31 12:59:01',NULL);
INSERT INTO `checklist_item` (`checklist_itemUUID`,`checklist_item_checklistUUID`,`checklist_item_customerUUID`,`checklist_item_statusId`,`checklist_item_sortOrder`,`checklist_item_prompt`,`checklist_item_type`,`checklist_item_optionSetJSON`,`checklist_item_successPrompt`,`checklist_item_successRange`,`checklist_item_createdByUUID`,`checklist_item_updatedByUUID`,`checklist_item_updatedTS`,`checklist_item_createdTS`,`checklist_item_deleteTS`) VALUES ('867a151755b8481882e498d4b9a8416e','8090644719c64be4abd2ba78f915bf5d','a30af0ce5e07474487c39adab6269d5f',1,9,'Check Humidity Probe Cap is Removed','boolean','YES / NO','YES','YES','','',NULL,'2020-07-31 12:59:22',NULL);
INSERT INTO `checklist_item` (`checklist_itemUUID`,`checklist_item_checklistUUID`,`checklist_item_customerUUID`,`checklist_item_statusId`,`checklist_item_sortOrder`,`checklist_item_prompt`,`checklist_item_type`,`checklist_item_optionSetJSON`,`checklist_item_successPrompt`,`checklist_item_successRange`,`checklist_item_createdByUUID`,`checklist_item_updatedByUUID`,`checklist_item_updatedTS`,`checklist_item_createdTS`,`checklist_item_deleteTS`) VALUES ('8b0bb7fdecee421aaac6fa999f7eed8d','b4cc8af1e61a48f994c6ea5a0ff90542','a30af0ce5e07474487c39adab6269d5f',1,8,'Check Door Seals','boolean','YES / NO','YES','YES','','',NULL,'2020-07-31 12:58:00',NULL);
INSERT INTO `checklist_item` (`checklist_itemUUID`,`checklist_item_checklistUUID`,`checklist_item_customerUUID`,`checklist_item_statusId`,`checklist_item_sortOrder`,`checklist_item_prompt`,`checklist_item_type`,`checklist_item_optionSetJSON`,`checklist_item_successPrompt`,`checklist_item_successRange`,`checklist_item_createdByUUID`,`checklist_item_updatedByUUID`,`checklist_item_updatedTS`,`checklist_item_createdTS`,`checklist_item_deleteTS`) VALUES ('920f5516a9ce4ae2b398c8bd4819102b','8090644719c64be4abd2ba78f915bf5d','a30af0ce5e07474487c39adab6269d5f',1,11,'Aux Blower','boolean','YES / NO','YES','YES','','',NULL,'2020-07-31 12:59:30',NULL);
INSERT INTO `checklist_item` (`checklist_itemUUID`,`checklist_item_checklistUUID`,`checklist_item_customerUUID`,`checklist_item_statusId`,`checklist_item_sortOrder`,`checklist_item_prompt`,`checklist_item_type`,`checklist_item_optionSetJSON`,`checklist_item_successPrompt`,`checklist_item_successRange`,`checklist_item_createdByUUID`,`checklist_item_updatedByUUID`,`checklist_item_updatedTS`,`checklist_item_createdTS`,`checklist_item_deleteTS`) VALUES ('94bf49b423064511977ba866469ab3d9','8090644719c64be4abd2ba78f915bf5d','a30af0ce5e07474487c39adab6269d5f',1,7,'Check Temp Probe Position(s)','boolean','YES / NO','YES','YES','','',NULL,'2020-07-31 12:59:14',NULL);
INSERT INTO `checklist_item` (`checklist_itemUUID`,`checklist_item_checklistUUID`,`checklist_item_customerUUID`,`checklist_item_statusId`,`checklist_item_sortOrder`,`checklist_item_prompt`,`checklist_item_type`,`checklist_item_optionSetJSON`,`checklist_item_successPrompt`,`checklist_item_successRange`,`checklist_item_createdByUUID`,`checklist_item_updatedByUUID`,`checklist_item_updatedTS`,`checklist_item_createdTS`,`checklist_item_deleteTS`) VALUES ('a15a26efa5674e7c86169dc2329a9fe0','8090644719c64be4abd2ba78f915bf5d','a30af0ce5e07474487c39adab6269d5f',1,1,'Check Belt Tension','boolean','YES / NO','YES','YES','','',NULL,'2020-07-31 12:58:49',NULL);
INSERT INTO `checklist_item` (`checklist_itemUUID`,`checklist_item_checklistUUID`,`checklist_item_customerUUID`,`checklist_item_statusId`,`checklist_item_sortOrder`,`checklist_item_prompt`,`checklist_item_type`,`checklist_item_optionSetJSON`,`checklist_item_successPrompt`,`checklist_item_successRange`,`checklist_item_createdByUUID`,`checklist_item_updatedByUUID`,`checklist_item_updatedTS`,`checklist_item_createdTS`,`checklist_item_deleteTS`) VALUES ('a2c14b554dfa4b0986aa5dd80822bcc4','b4cc8af1e61a48f994c6ea5a0ff90542','a30af0ce5e07474487c39adab6269d5f',1,17,'Check Cooling Solenoid Operates','boolean','YES / NO','YES','YES','','',NULL,'2020-07-31 12:58:37',NULL);
INSERT INTO `checklist_item` (`checklist_itemUUID`,`checklist_item_checklistUUID`,`checklist_item_customerUUID`,`checklist_item_statusId`,`checklist_item_sortOrder`,`checklist_item_prompt`,`checklist_item_type`,`checklist_item_optionSetJSON`,`checklist_item_successPrompt`,`checklist_item_successRange`,`checklist_item_createdByUUID`,`checklist_item_updatedByUUID`,`checklist_item_updatedTS`,`checklist_item_createdTS`,`checklist_item_deleteTS`) VALUES ('a6745ef29df54fa2a7363fb4d2656ae4','b4cc8af1e61a48f994c6ea5a0ff90542','a30af0ce5e07474487c39adab6269d5f',1,10,'Check Crank Arm Condition','boolean','YES / NO','YES','YES','','',NULL,'2020-07-31 12:58:08',NULL);
INSERT INTO `checklist_item` (`checklist_itemUUID`,`checklist_item_checklistUUID`,`checklist_item_customerUUID`,`checklist_item_statusId`,`checklist_item_sortOrder`,`checklist_item_prompt`,`checklist_item_type`,`checklist_item_optionSetJSON`,`checklist_item_successPrompt`,`checklist_item_successRange`,`checklist_item_createdByUUID`,`checklist_item_updatedByUUID`,`checklist_item_updatedTS`,`checklist_item_createdTS`,`checklist_item_deleteTS`) VALUES ('b1552eb512c44475bbfdf9a21e3b877e','2b61b61eb4d141799a9560cccb109f59','a30af0ce5e07474487c39adab6269d5f',1,2,'Enter Current Stage Profile #','Value','Value','Enter Current Value','20-Jan','','',NULL,'2020-07-31 13:00:02',NULL);
INSERT INTO `checklist_item` (`checklist_itemUUID`,`checklist_item_checklistUUID`,`checklist_item_customerUUID`,`checklist_item_statusId`,`checklist_item_sortOrder`,`checklist_item_prompt`,`checklist_item_type`,`checklist_item_optionSetJSON`,`checklist_item_successPrompt`,`checklist_item_successRange`,`checklist_item_createdByUUID`,`checklist_item_updatedByUUID`,`checklist_item_updatedTS`,`checklist_item_createdTS`,`checklist_item_deleteTS`) VALUES ('b4c99f5540534a9c909f56a4a33697a7','8090644719c64be4abd2ba78f915bf5d','a30af0ce5e07474487c39adab6269d5f',1,15,'Check Humidity Spray Operational','boolean','YES / NO','YES','YES','','',NULL,'2020-07-31 12:59:46',NULL);
INSERT INTO `checklist_item` (`checklist_itemUUID`,`checklist_item_checklistUUID`,`checklist_item_customerUUID`,`checklist_item_statusId`,`checklist_item_sortOrder`,`checklist_item_prompt`,`checklist_item_type`,`checklist_item_optionSetJSON`,`checklist_item_successPrompt`,`checklist_item_successRange`,`checklist_item_createdByUUID`,`checklist_item_updatedByUUID`,`checklist_item_updatedTS`,`checklist_item_createdTS`,`checklist_item_deleteTS`) VALUES ('bb8435f07c744aadb479522a44e49d35','b4cc8af1e61a48f994c6ea5a0ff90542','a30af0ce5e07474487c39adab6269d5f',1,16,'Check Hot Water Operational','boolean','YES / NO','YES','YES','','',NULL,'2020-07-31 12:58:32',NULL);
INSERT INTO `checklist_item` (`checklist_itemUUID`,`checklist_item_checklistUUID`,`checklist_item_customerUUID`,`checklist_item_statusId`,`checklist_item_sortOrder`,`checklist_item_prompt`,`checklist_item_type`,`checklist_item_optionSetJSON`,`checklist_item_successPrompt`,`checklist_item_successRange`,`checklist_item_createdByUUID`,`checklist_item_updatedByUUID`,`checklist_item_updatedTS`,`checklist_item_createdTS`,`checklist_item_deleteTS`) VALUES ('bf48aa47dd3c4c348e697085061e485a','8090644719c64be4abd2ba78f915bf5d','a30af0ce5e07474487c39adab6269d5f',1,13,'Check Damper Operates','boolean','YES / NO','YES','YES','','',NULL,'2020-07-31 12:59:38',NULL);
INSERT INTO `checklist_item` (`checklist_itemUUID`,`checklist_item_checklistUUID`,`checklist_item_customerUUID`,`checklist_item_statusId`,`checklist_item_sortOrder`,`checklist_item_prompt`,`checklist_item_type`,`checklist_item_optionSetJSON`,`checklist_item_successPrompt`,`checklist_item_successRange`,`checklist_item_createdByUUID`,`checklist_item_updatedByUUID`,`checklist_item_updatedTS`,`checklist_item_createdTS`,`checklist_item_deleteTS`) VALUES ('c07bc7ad82c84fc7803e03e3e24f62b2','aa8ba3cfecda4dc09ad52c0abf670807','a30af0ce5e07474487c39adab6269d5f',1,6,'Clean Roof','boolean','YES / NO','YES','YES','','',NULL,'2020-07-31 13:00:35',NULL);
INSERT INTO `checklist_item` (`checklist_itemUUID`,`checklist_item_checklistUUID`,`checklist_item_customerUUID`,`checklist_item_statusId`,`checklist_item_sortOrder`,`checklist_item_prompt`,`checklist_item_type`,`checklist_item_optionSetJSON`,`checklist_item_successPrompt`,`checklist_item_successRange`,`checklist_item_createdByUUID`,`checklist_item_updatedByUUID`,`checklist_item_updatedTS`,`checklist_item_createdTS`,`checklist_item_deleteTS`) VALUES ('c44e5b1c1fb244efa0436f66c3522798','8090644719c64be4abd2ba78f915bf5d','a30af0ce5e07474487c39adab6269d5f',1,5,'Check Fan Bolts Secure','boolean','YES / NO','YES','YES','','',NULL,'2020-07-31 12:59:05',NULL);
INSERT INTO `checklist_item` (`checklist_itemUUID`,`checklist_item_checklistUUID`,`checklist_item_customerUUID`,`checklist_item_statusId`,`checklist_item_sortOrder`,`checklist_item_prompt`,`checklist_item_type`,`checklist_item_optionSetJSON`,`checklist_item_successPrompt`,`checklist_item_successRange`,`checklist_item_createdByUUID`,`checklist_item_updatedByUUID`,`checklist_item_updatedTS`,`checklist_item_createdTS`,`checklist_item_deleteTS`) VALUES ('c6e3b482f64d4f4396a7be3253fee49c','8090644719c64be4abd2ba78f915bf5d','a30af0ce5e07474487c39adab6269d5f',1,16,'Check / Replace Wick','boolean','YES / NO','YES','YES','','',NULL,'2020-07-31 12:59:51',NULL);
INSERT INTO `checklist_item` (`checklist_itemUUID`,`checklist_item_checklistUUID`,`checklist_item_customerUUID`,`checklist_item_statusId`,`checklist_item_sortOrder`,`checklist_item_prompt`,`checklist_item_type`,`checklist_item_optionSetJSON`,`checklist_item_successPrompt`,`checklist_item_successRange`,`checklist_item_createdByUUID`,`checklist_item_updatedByUUID`,`checklist_item_updatedTS`,`checklist_item_createdTS`,`checklist_item_deleteTS`) VALUES ('cb583a72f2d748cdbc8fb1d4903e65d0','b4cc8af1e61a48f994c6ea5a0ff90542','a30af0ce5e07474487c39adab6269d5f',1,19,'Check Fan operation','boolean','YES / NO','YES','YES','','',NULL,'2020-07-31 12:58:45',NULL);
INSERT INTO `checklist_item` (`checklist_itemUUID`,`checklist_item_checklistUUID`,`checklist_item_customerUUID`,`checklist_item_statusId`,`checklist_item_sortOrder`,`checklist_item_prompt`,`checklist_item_type`,`checklist_item_optionSetJSON`,`checklist_item_successPrompt`,`checklist_item_successRange`,`checklist_item_createdByUUID`,`checklist_item_updatedByUUID`,`checklist_item_updatedTS`,`checklist_item_createdTS`,`checklist_item_deleteTS`) VALUES ('cbbb5847bbab4b528cb6d21842e81a2a','8090644719c64be4abd2ba78f915bf5d','a30af0ce5e07474487c39adab6269d5f',1,10,'Check Electraic Heating operational','boolean','YES / NO','YES','YES','','',NULL,'2020-07-31 12:59:26',NULL);
INSERT INTO `checklist_item` (`checklist_itemUUID`,`checklist_item_checklistUUID`,`checklist_item_customerUUID`,`checklist_item_statusId`,`checklist_item_sortOrder`,`checklist_item_prompt`,`checklist_item_type`,`checklist_item_optionSetJSON`,`checklist_item_successPrompt`,`checklist_item_successRange`,`checklist_item_createdByUUID`,`checklist_item_updatedByUUID`,`checklist_item_updatedTS`,`checklist_item_createdTS`,`checklist_item_deleteTS`) VALUES ('d63bc4d803c8462ab94c9fc6bb829af2','8090644719c64be4abd2ba78f915bf5d','a30af0ce5e07474487c39adab6269d5f',1,14,'Check Fan operation','boolean','YES / NO','YES','YES','','',NULL,'2020-07-31 12:59:42',NULL);
INSERT INTO `checklist_item` (`checklist_itemUUID`,`checklist_item_checklistUUID`,`checklist_item_customerUUID`,`checklist_item_statusId`,`checklist_item_sortOrder`,`checklist_item_prompt`,`checklist_item_type`,`checklist_item_optionSetJSON`,`checklist_item_successPrompt`,`checklist_item_successRange`,`checklist_item_createdByUUID`,`checklist_item_updatedByUUID`,`checklist_item_updatedTS`,`checklist_item_createdTS`,`checklist_item_deleteTS`) VALUES ('e167310e95664768912e3ce07d0e3935','b4cc8af1e61a48f994c6ea5a0ff90542','a30af0ce5e07474487c39adab6269d5f',1,2,'Check Belt Condition','boolean','YES / NO','YES','YES','','',NULL,'2020-07-31 12:57:35',NULL);
INSERT INTO `checklist_item` (`checklist_itemUUID`,`checklist_item_checklistUUID`,`checklist_item_customerUUID`,`checklist_item_statusId`,`checklist_item_sortOrder`,`checklist_item_prompt`,`checklist_item_type`,`checklist_item_optionSetJSON`,`checklist_item_successPrompt`,`checklist_item_successRange`,`checklist_item_createdByUUID`,`checklist_item_updatedByUUID`,`checklist_item_updatedTS`,`checklist_item_createdTS`,`checklist_item_deleteTS`) VALUES ('e5c4830b3d33451db504b9f8daa3c367','aa8ba3cfecda4dc09ad52c0abf670807','a30af0ce5e07474487c39adab6269d5f',1,4,'Clean Control Cabinet','boolean','YES / NO','YES','YES','','',NULL,'2020-07-31 13:00:27',NULL);
INSERT INTO `checklist_item` (`checklist_itemUUID`,`checklist_item_checklistUUID`,`checklist_item_customerUUID`,`checklist_item_statusId`,`checklist_item_sortOrder`,`checklist_item_prompt`,`checklist_item_type`,`checklist_item_optionSetJSON`,`checklist_item_successPrompt`,`checklist_item_successRange`,`checklist_item_createdByUUID`,`checklist_item_updatedByUUID`,`checklist_item_updatedTS`,`checklist_item_createdTS`,`checklist_item_deleteTS`) VALUES ('e5f10305283140a3aebea8283a9a6a69','b4cc8af1e61a48f994c6ea5a0ff90542','a30af0ce5e07474487c39adab6269d5f',1,14,'Check for Air Leaks','boolean','YES / NO','YES','YES','','',NULL,'2020-07-31 12:58:24',NULL);
INSERT INTO `checklist_item` (`checklist_itemUUID`,`checklist_item_checklistUUID`,`checklist_item_customerUUID`,`checklist_item_statusId`,`checklist_item_sortOrder`,`checklist_item_prompt`,`checklist_item_type`,`checklist_item_optionSetJSON`,`checklist_item_successPrompt`,`checklist_item_successRange`,`checklist_item_createdByUUID`,`checklist_item_updatedByUUID`,`checklist_item_updatedTS`,`checklist_item_createdTS`,`checklist_item_deleteTS`) VALUES ('e9acdb046b5d4adcb63bebb2401ab945','b4cc8af1e61a48f994c6ea5a0ff90542','a30af0ce5e07474487c39adab6269d5f',1,4,'Check Strainer Condition','boolean','YES / NO','YES','YES','','',NULL,'2020-07-31 12:57:44',NULL);
INSERT INTO `checklist_item` (`checklist_itemUUID`,`checklist_item_checklistUUID`,`checklist_item_customerUUID`,`checklist_item_statusId`,`checklist_item_sortOrder`,`checklist_item_prompt`,`checklist_item_type`,`checklist_item_optionSetJSON`,`checklist_item_successPrompt`,`checklist_item_successRange`,`checklist_item_createdByUUID`,`checklist_item_updatedByUUID`,`checklist_item_updatedTS`,`checklist_item_createdTS`,`checklist_item_deleteTS`) VALUES ('ed6a04c03843420db01d039fc6586175','b4cc8af1e61a48f994c6ea5a0ff90542','a30af0ce5e07474487c39adab6269d5f',1,6,'Check Damper Seals Close','boolean','YES / NO','YES','YES','','',NULL,'2020-07-31 12:57:52',NULL);
INSERT INTO `checklist_item` (`checklist_itemUUID`,`checklist_item_checklistUUID`,`checklist_item_customerUUID`,`checklist_item_statusId`,`checklist_item_sortOrder`,`checklist_item_prompt`,`checklist_item_type`,`checklist_item_optionSetJSON`,`checklist_item_successPrompt`,`checklist_item_successRange`,`checklist_item_createdByUUID`,`checklist_item_updatedByUUID`,`checklist_item_updatedTS`,`checklist_item_createdTS`,`checklist_item_deleteTS`) VALUES ('f0bc3131259d45b6a4ec0ef5c15510c0','aa8ba3cfecda4dc09ad52c0abf670807','a30af0ce5e07474487c39adab6269d5f',1,2,'Check for Damage','text','free text','Detail Any Damage','','','',NULL,'2020-07-31 13:00:19',NULL);
INSERT INTO `checklist_item` (`checklist_itemUUID`,`checklist_item_checklistUUID`,`checklist_item_customerUUID`,`checklist_item_statusId`,`checklist_item_sortOrder`,`checklist_item_prompt`,`checklist_item_type`,`checklist_item_optionSetJSON`,`checklist_item_successPrompt`,`checklist_item_successRange`,`checklist_item_createdByUUID`,`checklist_item_updatedByUUID`,`checklist_item_updatedTS`,`checklist_item_createdTS`,`checklist_item_deleteTS`) VALUES ('f8569dbfe28540e6ae4551e9b83f502d','b4cc8af1e61a48f994c6ea5a0ff90542','a30af0ce5e07474487c39adab6269d5f',1,7,'Check Temp Probe Position(s)','boolean','YES / NO','YES','YES','','',NULL,'2020-07-31 12:57:56',NULL);
INSERT INTO `checklist_item` (`checklist_itemUUID`,`checklist_item_checklistUUID`,`checklist_item_customerUUID`,`checklist_item_statusId`,`checklist_item_sortOrder`,`checklist_item_prompt`,`checklist_item_type`,`checklist_item_optionSetJSON`,`checklist_item_successPrompt`,`checklist_item_successRange`,`checklist_item_createdByUUID`,`checklist_item_updatedByUUID`,`checklist_item_updatedTS`,`checklist_item_createdTS`,`checklist_item_deleteTS`) VALUES ('fede275e0b02405e974f7880683a6f2c','2b61b61eb4d141799a9560cccb109f59','a30af0ce5e07474487c39adab6269d5f',1,4,'Machine Temperature','Value','Value','Enter Current Value','25 - 39','','',NULL,'2020-07-31 13:00:11',NULL);

-- ================= Workorders

truncate workorder;

INSERT INTO `workorder` (`workorderUUID`,`workorder_customerUUID`,`workorder_locationUUID`,`workorder_userUUID`,`workorder_groupUUID`,`workorder_assetUUID`,`workorder_checklistUUID`,`workorder_status`,`workorder_type`,`workorder_number`,`workorder_name`,`workorder_details`,`workorder_actions`,`workorder_priority`,`workorder_dueDate`,`workorder_rescheduleDate`,`workorder_completeDate`,`workorder_frequency`,`workorder_frequencyScope`,`workorder_createdByUUID`,`workorder_updatedByUUID`,`workorder_updatedTS`,`workorder_createdTS`,`workorder_deleteTS`) VALUES ('0d59f068ed4c462aaaa23c5acd71e4d6','a30af0ce5e07474487c39adab6269d5f','ffa7e40b89274589b3e41a9ed7a67d0c','36df8a4d8b604745846c783355ea20f6','6862be22132f48948baa61777345aebe','a81deb5b34c24672a2f9d7c8c7d8491d','b4cc8af1e61a48f994c6ea5a0ff90542','PENDING','CHECKLIST','CM-1002','Pre Set Check List','Pre-Checklist','Pre-Checklist','normal','2020-01-01',NULL,NULL,NULL,'','','',NULL,'2020-07-31 14:00:33',NULL);
INSERT INTO `workorder` (`workorderUUID`,`workorder_customerUUID`,`workorder_locationUUID`,`workorder_userUUID`,`workorder_groupUUID`,`workorder_assetUUID`,`workorder_checklistUUID`,`workorder_status`,`workorder_type`,`workorder_number`,`workorder_name`,`workorder_details`,`workorder_actions`,`workorder_priority`,`workorder_dueDate`,`workorder_rescheduleDate`,`workorder_completeDate`,`workorder_frequency`,`workorder_frequencyScope`,`workorder_createdByUUID`,`workorder_updatedByUUID`,`workorder_updatedTS`,`workorder_createdTS`,`workorder_deleteTS`) VALUES ('5ccb1521db2f47948a3284c42deeb347','a30af0ce5e07474487c39adab6269d5f','ffa7e40b89274589b3e41a9ed7a67d0c','','e76dffe8281b494598a3cedbf6ae4ae1','a81deb5b34c24672a2f9d7c8c7d8491d','2b61b61eb4d141799a9560cccb109f59','','CHECKLIST','CM-1003','Daily Check Sheet Due','Daily Check Sheet Due on Setter S3','','normal','2020-01-01',NULL,NULL,1,'DAILY','','',NULL,'2020-07-31 14:00:39',NULL);
INSERT INTO `workorder` (`workorderUUID`,`workorder_customerUUID`,`workorder_locationUUID`,`workorder_userUUID`,`workorder_groupUUID`,`workorder_assetUUID`,`workorder_checklistUUID`,`workorder_status`,`workorder_type`,`workorder_number`,`workorder_name`,`workorder_details`,`workorder_actions`,`workorder_priority`,`workorder_dueDate`,`workorder_rescheduleDate`,`workorder_completeDate`,`workorder_frequency`,`workorder_frequencyScope`,`workorder_createdByUUID`,`workorder_updatedByUUID`,`workorder_updatedTS`,`workorder_createdTS`,`workorder_deleteTS`) VALUES ('b4bcdde4b22245d5ab97c9a299d774f1','a30af0ce5e07474487c39adab6269d5f','ffa7e40b89274589b3e41a9ed7a67d0c','51092d4b052c4e3280b68a9f81e67efd','6862be22132f48948baa61777345aebe','a81deb5b34c24672a2f9d7c8c7d8491d','','Assigned','workorder','CM-1001','Replace Heater Element','Replace Heater Element on S3','','high','2020-01-01',NULL,NULL,NULL,'','','',NULL,'2020-07-31 14:00:27',NULL);

truncate workorder_template;

INSERT INTO `workorder_template` (`workorder_templateUUID`,`workorder_template_customerUUID`,`workorder_template_locationUUID`,`workorder_template_userUUID`,`workorder_template_groupUUID`,`workorder_template_assetUUID`,`workorder_template_checklistUUID`,`workorder_type`,`workorder_template_name`,`workorder_template_details`,`workorder_template_actions`,`workorder_template_priority`,`workorder_template_frequency`,`workorder_template_frequencyScope`,`workorder_createdByUUID`,`workorder_updatedByUUID`,`workorder_updatedTS`,`workorder_createdTS`,`workorder_deleteTS`) VALUES ('ca2ce16ee3aa430ca310f1e018313104','983bc6bf193743adbf7026d3c60f6fe6',NULL,'','MAINT group','{1,2}','','equipment,vehicle,general','Temperature Calibration','Calibrate the Temperature probes in the machine for all zones','','normal',6,'','','',NULL,'2020-07-31 14:15:38',NULL);
INSERT INTO `workorder_template` (`workorder_templateUUID`,`workorder_template_customerUUID`,`workorder_template_locationUUID`,`workorder_template_userUUID`,`workorder_template_groupUUID`,`workorder_template_assetUUID`,`workorder_template_checklistUUID`,`workorder_type`,`workorder_template_name`,`workorder_template_details`,`workorder_template_actions`,`workorder_template_priority`,`workorder_template_frequency`,`workorder_template_frequencyScope`,`workorder_createdByUUID`,`workorder_updatedByUUID`,`workorder_updatedTS`,`workorder_createdTS`,`workorder_deleteTS`) VALUES ('ca4ce16ee3aa430ca310f1e018313104','983bc6bf193743adbf7026d3c60f6fe6',NULL,'','MAINT group','{1,2}','','equipment,vehicle,general','Grease Fan Bearings','Lubricate all Fan Bearings','','normal',3,'','','',NULL,'2020-07-31 14:15:33',NULL);
INSERT INTO `workorder_template` (`workorder_templateUUID`,`workorder_template_customerUUID`,`workorder_template_locationUUID`,`workorder_template_userUUID`,`workorder_template_groupUUID`,`workorder_template_assetUUID`,`workorder_template_checklistUUID`,`workorder_type`,`workorder_template_name`,`workorder_template_details`,`workorder_template_actions`,`workorder_template_priority`,`workorder_template_frequency`,`workorder_template_frequencyScope`,`workorder_createdByUUID`,`workorder_updatedByUUID`,`workorder_updatedTS`,`workorder_createdTS`,`workorder_deleteTS`) VALUES ('cac369f1e6444b458794fcf4c5d3f8ca','983bc6bf193743adbf7026d3c60f6fe6',NULL,'','MAINT group','{1,2}','','equipment,vehicle,general','Fan Belt Replacement','Replace The Main Belt on all fans in the machine','','normal',12,'','','',NULL,'2020-07-31 14:15:29',NULL);

truncate workorder_asset_part_join;

INSERT INTO `workorder_asset_part_join` (`wapj_workorderUUID`,`wapj_asset_partUUID`,`wapj_quantity`,`wapj_createdTS`) VALUES ('1','1',1,'2020-07-31 14:19:00');

-- ======================== Maestro Event

truncate maestro_event;

INSERT INTO `maestro_event` (`maestro_eventUUID`,`maestro_event_customerUUID`,`maestro_event_statusId`,`maestro_event_type`,`maestro_event_description`,`maestro_event_createdByUUID`,`maestro_event_acknowledgedByUUID`,`maestro_event_acknowledgedTS`,`maestro_event_createdTS`,`maestro_event_deleteTS`) VALUES ('1','983bc6bf193743adbf7026d3c60f6fe6',1,'ALARM',NULL,'',NULL,NULL,'2020-07-31 14:28:41',NULL);
INSERT INTO `maestro_event` (`maestro_eventUUID`,`maestro_event_customerUUID`,`maestro_event_statusId`,`maestro_event_type`,`maestro_event_description`,`maestro_event_createdByUUID`,`maestro_event_acknowledgedByUUID`,`maestro_event_acknowledgedTS`,`maestro_event_createdTS`,`maestro_event_deleteTS`) VALUES ('10','983bc6bf193743adbf7026d3c60f6fe6',1,'SYSTEM',NULL,'',NULL,NULL,'2020-07-31 14:28:55',NULL);
INSERT INTO `maestro_event` (`maestro_eventUUID`,`maestro_event_customerUUID`,`maestro_event_statusId`,`maestro_event_type`,`maestro_event_description`,`maestro_event_createdByUUID`,`maestro_event_acknowledgedByUUID`,`maestro_event_acknowledgedTS`,`maestro_event_createdTS`,`maestro_event_deleteTS`) VALUES ('11','983bc6bf193743adbf7026d3c60f6fe6',1,'SYSTEM',NULL,'',NULL,NULL,'2020-07-31 14:28:56',NULL);
INSERT INTO `maestro_event` (`maestro_eventUUID`,`maestro_event_customerUUID`,`maestro_event_statusId`,`maestro_event_type`,`maestro_event_description`,`maestro_event_createdByUUID`,`maestro_event_acknowledgedByUUID`,`maestro_event_acknowledgedTS`,`maestro_event_createdTS`,`maestro_event_deleteTS`) VALUES ('12','983bc6bf193743adbf7026d3c60f6fe6',1,'SYSTEM',NULL,'',NULL,NULL,'2020-07-31 14:28:58',NULL);
INSERT INTO `maestro_event` (`maestro_eventUUID`,`maestro_event_customerUUID`,`maestro_event_statusId`,`maestro_event_type`,`maestro_event_description`,`maestro_event_createdByUUID`,`maestro_event_acknowledgedByUUID`,`maestro_event_acknowledgedTS`,`maestro_event_createdTS`,`maestro_event_deleteTS`) VALUES ('13','983bc6bf193743adbf7026d3c60f6fe6',1,'SYSTEM',NULL,'',NULL,NULL,'2020-07-31 14:28:59',NULL);
INSERT INTO `maestro_event` (`maestro_eventUUID`,`maestro_event_customerUUID`,`maestro_event_statusId`,`maestro_event_type`,`maestro_event_description`,`maestro_event_createdByUUID`,`maestro_event_acknowledgedByUUID`,`maestro_event_acknowledgedTS`,`maestro_event_createdTS`,`maestro_event_deleteTS`) VALUES ('14','983bc6bf193743adbf7026d3c60f6fe6',1,'SYSTEM',NULL,'',NULL,NULL,'2020-07-31 14:29:01',NULL);
INSERT INTO `maestro_event` (`maestro_eventUUID`,`maestro_event_customerUUID`,`maestro_event_statusId`,`maestro_event_type`,`maestro_event_description`,`maestro_event_createdByUUID`,`maestro_event_acknowledgedByUUID`,`maestro_event_acknowledgedTS`,`maestro_event_createdTS`,`maestro_event_deleteTS`) VALUES ('15','983bc6bf193743adbf7026d3c60f6fe6',1,'SYSTEM',NULL,'',NULL,NULL,'2020-07-31 14:29:02',NULL);
INSERT INTO `maestro_event` (`maestro_eventUUID`,`maestro_event_customerUUID`,`maestro_event_statusId`,`maestro_event_type`,`maestro_event_description`,`maestro_event_createdByUUID`,`maestro_event_acknowledgedByUUID`,`maestro_event_acknowledgedTS`,`maestro_event_createdTS`,`maestro_event_deleteTS`) VALUES ('16','983bc6bf193743adbf7026d3c60f6fe6',1,'SYSTEM',NULL,'',NULL,NULL,'2020-07-31 14:29:04',NULL);
INSERT INTO `maestro_event` (`maestro_eventUUID`,`maestro_event_customerUUID`,`maestro_event_statusId`,`maestro_event_type`,`maestro_event_description`,`maestro_event_createdByUUID`,`maestro_event_acknowledgedByUUID`,`maestro_event_acknowledgedTS`,`maestro_event_createdTS`,`maestro_event_deleteTS`) VALUES ('2','983bc6bf193743adbf7026d3c60f6fe6',1,'ALARM',NULL,'',NULL,NULL,'2020-07-31 14:28:42',NULL);
INSERT INTO `maestro_event` (`maestro_eventUUID`,`maestro_event_customerUUID`,`maestro_event_statusId`,`maestro_event_type`,`maestro_event_description`,`maestro_event_createdByUUID`,`maestro_event_acknowledgedByUUID`,`maestro_event_acknowledgedTS`,`maestro_event_createdTS`,`maestro_event_deleteTS`) VALUES ('3','983bc6bf193743adbf7026d3c60f6fe6',1,'ALARM',NULL,'',NULL,NULL,'2020-07-31 14:28:44',NULL);
INSERT INTO `maestro_event` (`maestro_eventUUID`,`maestro_event_customerUUID`,`maestro_event_statusId`,`maestro_event_type`,`maestro_event_description`,`maestro_event_createdByUUID`,`maestro_event_acknowledgedByUUID`,`maestro_event_acknowledgedTS`,`maestro_event_createdTS`,`maestro_event_deleteTS`) VALUES ('4','983bc6bf193743adbf7026d3c60f6fe6',1,'ALARM',NULL,'',NULL,NULL,'2020-07-31 14:28:45',NULL);
INSERT INTO `maestro_event` (`maestro_eventUUID`,`maestro_event_customerUUID`,`maestro_event_statusId`,`maestro_event_type`,`maestro_event_description`,`maestro_event_createdByUUID`,`maestro_event_acknowledgedByUUID`,`maestro_event_acknowledgedTS`,`maestro_event_createdTS`,`maestro_event_deleteTS`) VALUES ('5','983bc6bf193743adbf7026d3c60f6fe6',1,'ALARM',NULL,'',NULL,NULL,'2020-07-31 14:28:47',NULL);
INSERT INTO `maestro_event` (`maestro_eventUUID`,`maestro_event_customerUUID`,`maestro_event_statusId`,`maestro_event_type`,`maestro_event_description`,`maestro_event_createdByUUID`,`maestro_event_acknowledgedByUUID`,`maestro_event_acknowledgedTS`,`maestro_event_createdTS`,`maestro_event_deleteTS`) VALUES ('6','983bc6bf193743adbf7026d3c60f6fe6',1,'ALARM',NULL,'',NULL,NULL,'2020-07-31 14:28:48',NULL);
INSERT INTO `maestro_event` (`maestro_eventUUID`,`maestro_event_customerUUID`,`maestro_event_statusId`,`maestro_event_type`,`maestro_event_description`,`maestro_event_createdByUUID`,`maestro_event_acknowledgedByUUID`,`maestro_event_acknowledgedTS`,`maestro_event_createdTS`,`maestro_event_deleteTS`) VALUES ('7','983bc6bf193743adbf7026d3c60f6fe6',1,'ALARM',NULL,'',NULL,NULL,'2020-07-31 14:28:50',NULL);
INSERT INTO `maestro_event` (`maestro_eventUUID`,`maestro_event_customerUUID`,`maestro_event_statusId`,`maestro_event_type`,`maestro_event_description`,`maestro_event_createdByUUID`,`maestro_event_acknowledgedByUUID`,`maestro_event_acknowledgedTS`,`maestro_event_createdTS`,`maestro_event_deleteTS`) VALUES ('8','983bc6bf193743adbf7026d3c60f6fe6',1,'ALARM',NULL,'',NULL,NULL,'2020-07-31 14:28:51',NULL);
INSERT INTO `maestro_event` (`maestro_eventUUID`,`maestro_event_customerUUID`,`maestro_event_statusId`,`maestro_event_type`,`maestro_event_description`,`maestro_event_createdByUUID`,`maestro_event_acknowledgedByUUID`,`maestro_event_acknowledgedTS`,`maestro_event_createdTS`,`maestro_event_deleteTS`) VALUES ('9','983bc6bf193743adbf7026d3c60f6fe6',1,'ALARM',NULL,'',NULL,NULL,'2020-07-31 14:28:53',NULL);











