use cm_hms;

-- ============================ Customer Asset

truncate asset;

INSERT INTO `asset` (`assetUUID`,`asset_locationUUID`,`asset_partUUID`,`asset_customerUUID`,`asset_statusId`,`asset_name`,`asset_shortName`,`asset_installDate`,`asset_createdByUUID`,`asset_updatedByUUID`,`asset_updatedTS`,`asset_createdTS`,`asset_deleteTS`) VALUES ('00c93791035c44fd98d4f40ff2cdfe0a','ffa7e40b89274589b3e41a9ed7a67d0c','8aef695dec754a99a2bb7f5077968d60','a30af0ce5e07474487c39adab6269d5f',1,'Setter 14','S14',NULL,'','',NULL,'2020-07-30 17:53:20',NULL);
INSERT INTO `asset` (`assetUUID`,`asset_locationUUID`,`asset_partUUID`,`asset_customerUUID`,`asset_statusId`,`asset_name`,`asset_shortName`,`asset_installDate`,`asset_createdByUUID`,`asset_updatedByUUID`,`asset_updatedTS`,`asset_createdTS`,`asset_deleteTS`) VALUES ('00ec08628b27439ab5228595f8d0504e','ffa7e40b89274589b3e41a9ed7a67d0c','8aef695dec754a99a2bb7f5077968d60','a30af0ce5e07474487c39adab6269d5f',1,'Setter 15','S15',NULL,'','',NULL,'2020-07-30 17:53:23',NULL);
INSERT INTO `asset` (`assetUUID`,`asset_locationUUID`,`asset_partUUID`,`asset_customerUUID`,`asset_statusId`,`asset_name`,`asset_shortName`,`asset_installDate`,`asset_createdByUUID`,`asset_updatedByUUID`,`asset_updatedTS`,`asset_createdTS`,`asset_deleteTS`) VALUES ('095e0ff29f304874a7b76a190a95d781','84ced00f7b3744d0b13f93ab2288f89e','ee3fe999cf1844c8bf4e0d0e3f99ba96','a30af0ce5e07474487c39adab6269d5f',1,'Setter 30','S30',NULL,'','',NULL,'2020-07-30 17:54:02',NULL);
INSERT INTO `asset` (`assetUUID`,`asset_locationUUID`,`asset_partUUID`,`asset_customerUUID`,`asset_statusId`,`asset_name`,`asset_shortName`,`asset_installDate`,`asset_createdByUUID`,`asset_updatedByUUID`,`asset_updatedTS`,`asset_createdTS`,`asset_deleteTS`) VALUES ('1087dee5749746bcb0e49b158eeef0a0','a30af0ce5e07474487c39adab6269d5f','69e0643f6213427388ed775d23e598c4','a30af0ce5e07474487c39adab6269d5f',1,'Hatcher 5','H5',NULL,'','',NULL,'2020-07-30 17:54:21',NULL);
INSERT INTO `asset` (`assetUUID`,`asset_locationUUID`,`asset_partUUID`,`asset_customerUUID`,`asset_statusId`,`asset_name`,`asset_shortName`,`asset_installDate`,`asset_createdByUUID`,`asset_updatedByUUID`,`asset_updatedTS`,`asset_createdTS`,`asset_deleteTS`) VALUES ('1347d6cabcae40e2980d5a8fead8d73b','ffa7e40b89274589b3e41a9ed7a67d0c','8aef695dec754a99a2bb7f5077968d60','a30af0ce5e07474487c39adab6269d5f',1,'Setter 6','S6',NULL,'','',NULL,'2020-07-30 17:53:01',NULL);
INSERT INTO `asset` (`assetUUID`,`asset_locationUUID`,`asset_partUUID`,`asset_customerUUID`,`asset_statusId`,`asset_name`,`asset_shortName`,`asset_installDate`,`asset_createdByUUID`,`asset_updatedByUUID`,`asset_updatedTS`,`asset_createdTS`,`asset_deleteTS`) VALUES ('156dabe401cb47c68850db0e554667bb','ffa7e40b89274589b3e41a9ed7a67d0c','8aef695dec754a99a2bb7f5077968d60','a30af0ce5e07474487c39adab6269d5f',1,'Setter 13','S13',NULL,'','',NULL,'2020-07-30 17:53:18',NULL);
INSERT INTO `asset` (`assetUUID`,`asset_locationUUID`,`asset_partUUID`,`asset_customerUUID`,`asset_statusId`,`asset_name`,`asset_shortName`,`asset_installDate`,`asset_createdByUUID`,`asset_updatedByUUID`,`asset_updatedTS`,`asset_createdTS`,`asset_deleteTS`) VALUES ('1ae334b6fb1d4903a58beebc385a3880','a30af0ce5e07474487c39adab6269d5f','9b98a2a6e68f41a6ace1a755033989d1','a30af0ce5e07474487c39adab6269d5f',1,'CC3 14400','CC3',NULL,'','',NULL,'2020-07-30 17:54:33',NULL);
INSERT INTO `asset` (`assetUUID`,`asset_locationUUID`,`asset_partUUID`,`asset_customerUUID`,`asset_statusId`,`asset_name`,`asset_shortName`,`asset_installDate`,`asset_createdByUUID`,`asset_updatedByUUID`,`asset_updatedTS`,`asset_createdTS`,`asset_deleteTS`) VALUES ('2ce709b4a9c646fa87baf5abac5c7198','84ced00f7b3744d0b13f93ab2288f89e','ee3fe999cf1844c8bf4e0d0e3f99ba96','a30af0ce5e07474487c39adab6269d5f',1,'Setter 28','S28',NULL,'','',NULL,'2020-07-30 17:53:58',NULL);
INSERT INTO `asset` (`assetUUID`,`asset_locationUUID`,`asset_partUUID`,`asset_customerUUID`,`asset_statusId`,`asset_name`,`asset_shortName`,`asset_installDate`,`asset_createdByUUID`,`asset_updatedByUUID`,`asset_updatedTS`,`asset_createdTS`,`asset_deleteTS`) VALUES ('2f1e3bbcd1a24fd98d5f907a7196a5d4','84ced00f7b3744d0b13f93ab2288f89e','ee3fe999cf1844c8bf4e0d0e3f99ba96','a30af0ce5e07474487c39adab6269d5f',1,'Setter 33','S33',NULL,'','',NULL,'2020-07-30 17:54:09',NULL);
INSERT INTO `asset` (`assetUUID`,`asset_locationUUID`,`asset_partUUID`,`asset_customerUUID`,`asset_statusId`,`asset_name`,`asset_shortName`,`asset_installDate`,`asset_createdByUUID`,`asset_updatedByUUID`,`asset_updatedTS`,`asset_createdTS`,`asset_deleteTS`) VALUES ('314e75540b7948ddaacc97afaa3751bd','84ced00f7b3744d0b13f93ab2288f89e','ee3fe999cf1844c8bf4e0d0e3f99ba96','a30af0ce5e07474487c39adab6269d5f',1,'Setter 29','S29',NULL,'','',NULL,'2020-07-30 17:54:00',NULL);
INSERT INTO `asset` (`assetUUID`,`asset_locationUUID`,`asset_partUUID`,`asset_customerUUID`,`asset_statusId`,`asset_name`,`asset_shortName`,`asset_installDate`,`asset_createdByUUID`,`asset_updatedByUUID`,`asset_updatedTS`,`asset_createdTS`,`asset_deleteTS`) VALUES ('34b4d3dbc09c466a9b97b3772baa3233','a30af0ce5e07474487c39adab6269d5f','69e0643f6213427388ed775d23e598c4','a30af0ce5e07474487c39adab6269d5f',1,'Hatcher 4','H4',NULL,'','',NULL,'2020-07-30 17:54:19',NULL);
INSERT INTO `asset` (`assetUUID`,`asset_locationUUID`,`asset_partUUID`,`asset_customerUUID`,`asset_statusId`,`asset_name`,`asset_shortName`,`asset_installDate`,`asset_createdByUUID`,`asset_updatedByUUID`,`asset_updatedTS`,`asset_createdTS`,`asset_deleteTS`) VALUES ('476c5943088e4a209967927c02c16fd5','ffa7e40b89274589b3e41a9ed7a67d0c','8aef695dec754a99a2bb7f5077968d60','a30af0ce5e07474487c39adab6269d5f',1,'Setter 9','S9',NULL,'','',NULL,'2020-07-30 17:53:08',NULL);
INSERT INTO `asset` (`assetUUID`,`asset_locationUUID`,`asset_partUUID`,`asset_customerUUID`,`asset_statusId`,`asset_name`,`asset_shortName`,`asset_installDate`,`asset_createdByUUID`,`asset_updatedByUUID`,`asset_updatedTS`,`asset_createdTS`,`asset_deleteTS`) VALUES ('4bac0568871242efa878f86b344513fd','ffa7e40b89274589b3e41a9ed7a67d0c','8aef695dec754a99a2bb7f5077968d60','a30af0ce5e07474487c39adab6269d5f',1,'Setter 1','S1',NULL,'','',NULL,'2020-07-30 17:52:49',NULL);
INSERT INTO `asset` (`assetUUID`,`asset_locationUUID`,`asset_partUUID`,`asset_customerUUID`,`asset_statusId`,`asset_name`,`asset_shortName`,`asset_installDate`,`asset_createdByUUID`,`asset_updatedByUUID`,`asset_updatedTS`,`asset_createdTS`,`asset_deleteTS`) VALUES ('5022502d7bce42c49d36f667dcdcbb47','a30af0ce5e07474487c39adab6269d5f','69e0643f6213427388ed775d23e598c4','a30af0ce5e07474487c39adab6269d5f',1,'Hatcher 6','H6',NULL,'','',NULL,'2020-07-30 17:54:24',NULL);
INSERT INTO `asset` (`assetUUID`,`asset_locationUUID`,`asset_partUUID`,`asset_customerUUID`,`asset_statusId`,`asset_name`,`asset_shortName`,`asset_installDate`,`asset_createdByUUID`,`asset_updatedByUUID`,`asset_updatedTS`,`asset_createdTS`,`asset_deleteTS`) VALUES ('50f1a5f1d1ca4991a0e21cb233e46118','ffa7e40b89274589b3e41a9ed7a67d0c','8aef695dec754a99a2bb7f5077968d60','a30af0ce5e07474487c39adab6269d5f',1,'Setter 20','S20',NULL,'','',NULL,'2020-07-30 17:53:35',NULL);
INSERT INTO `asset` (`assetUUID`,`asset_locationUUID`,`asset_partUUID`,`asset_customerUUID`,`asset_statusId`,`asset_name`,`asset_shortName`,`asset_installDate`,`asset_createdByUUID`,`asset_updatedByUUID`,`asset_updatedTS`,`asset_createdTS`,`asset_deleteTS`) VALUES ('5c5e4f36a91e474da678da0a12e9e369','84ced00f7b3744d0b13f93ab2288f89e','ee3fe999cf1844c8bf4e0d0e3f99ba96','a30af0ce5e07474487c39adab6269d5f',1,'Setter 27','S27',NULL,'','',NULL,'2020-07-30 17:53:55',NULL);
INSERT INTO `asset` (`assetUUID`,`asset_locationUUID`,`asset_partUUID`,`asset_customerUUID`,`asset_statusId`,`asset_name`,`asset_shortName`,`asset_installDate`,`asset_createdByUUID`,`asset_updatedByUUID`,`asset_updatedTS`,`asset_createdTS`,`asset_deleteTS`) VALUES ('661432d76a704ed4976d3c2dd593e38a','ffa7e40b89274589b3e41a9ed7a67d0c','8aef695dec754a99a2bb7f5077968d60','a30af0ce5e07474487c39adab6269d5f',1,'Setter 21','S21',NULL,'','',NULL,'2020-07-30 17:53:37',NULL);
INSERT INTO `asset` (`assetUUID`,`asset_locationUUID`,`asset_partUUID`,`asset_customerUUID`,`asset_statusId`,`asset_name`,`asset_shortName`,`asset_installDate`,`asset_createdByUUID`,`asset_updatedByUUID`,`asset_updatedTS`,`asset_createdTS`,`asset_deleteTS`) VALUES ('6f6a18a87dc0445ba61dc45469a9aeb7','84ced00f7b3744d0b13f93ab2288f89e','ee3fe999cf1844c8bf4e0d0e3f99ba96','a30af0ce5e07474487c39adab6269d5f',1,'Setter 31','S31',NULL,'','',NULL,'2020-07-30 17:54:05',NULL);
INSERT INTO `asset` (`assetUUID`,`asset_locationUUID`,`asset_partUUID`,`asset_customerUUID`,`asset_statusId`,`asset_name`,`asset_shortName`,`asset_installDate`,`asset_createdByUUID`,`asset_updatedByUUID`,`asset_updatedTS`,`asset_createdTS`,`asset_deleteTS`) VALUES ('761c31d6897d46ed94bf1595fee63c1e','ffa7e40b89274589b3e41a9ed7a67d0c','8aef695dec754a99a2bb7f5077968d60','a30af0ce5e07474487c39adab6269d5f',1,'Setter 8','S8',NULL,'','',NULL,'2020-07-30 17:53:06',NULL);
INSERT INTO `asset` (`assetUUID`,`asset_locationUUID`,`asset_partUUID`,`asset_customerUUID`,`asset_statusId`,`asset_name`,`asset_shortName`,`asset_installDate`,`asset_createdByUUID`,`asset_updatedByUUID`,`asset_updatedTS`,`asset_createdTS`,`asset_deleteTS`) VALUES ('781e63864cc84ff894f983d157960e56','84ced00f7b3744d0b13f93ab2288f89e','ee3fe999cf1844c8bf4e0d0e3f99ba96','a30af0ce5e07474487c39adab6269d5f',1,'Setter 23','S23',NULL,'','',NULL,'2020-07-30 17:53:45',NULL);
INSERT INTO `asset` (`assetUUID`,`asset_locationUUID`,`asset_partUUID`,`asset_customerUUID`,`asset_statusId`,`asset_name`,`asset_shortName`,`asset_installDate`,`asset_createdByUUID`,`asset_updatedByUUID`,`asset_updatedTS`,`asset_createdTS`,`asset_deleteTS`) VALUES ('7e86f3d5d26246d1a604ada6462d282e','a30af0ce5e07474487c39adab6269d5f','69e0643f6213427388ed775d23e598c4','a30af0ce5e07474487c39adab6269d5f',1,'Hatcher 9','H9',NULL,'','',NULL,'2020-07-30 17:54:31',NULL);
INSERT INTO `asset` (`assetUUID`,`asset_locationUUID`,`asset_partUUID`,`asset_customerUUID`,`asset_statusId`,`asset_name`,`asset_shortName`,`asset_installDate`,`asset_createdByUUID`,`asset_updatedByUUID`,`asset_updatedTS`,`asset_createdTS`,`asset_deleteTS`) VALUES ('807d4575e19f49839322bc9bd5ee51a3','84ced00f7b3744d0b13f93ab2288f89e','ee3fe999cf1844c8bf4e0d0e3f99ba96','a30af0ce5e07474487c39adab6269d5f',1,'Setter 32','S32',NULL,'','',NULL,'2020-07-30 17:54:07',NULL);
INSERT INTO `asset` (`assetUUID`,`asset_locationUUID`,`asset_partUUID`,`asset_customerUUID`,`asset_statusId`,`asset_name`,`asset_shortName`,`asset_installDate`,`asset_createdByUUID`,`asset_updatedByUUID`,`asset_updatedTS`,`asset_createdTS`,`asset_deleteTS`) VALUES ('8181dad06e924769a828990162ff213c','ffa7e40b89274589b3e41a9ed7a67d0c','8aef695dec754a99a2bb7f5077968d60','a30af0ce5e07474487c39adab6269d5f',1,'Setter 12','S12',NULL,'','',NULL,'2020-07-30 17:53:16',NULL);
INSERT INTO `asset` (`assetUUID`,`asset_locationUUID`,`asset_partUUID`,`asset_customerUUID`,`asset_statusId`,`asset_name`,`asset_shortName`,`asset_installDate`,`asset_createdByUUID`,`asset_updatedByUUID`,`asset_updatedTS`,`asset_createdTS`,`asset_deleteTS`) VALUES ('94753f198cb7440eab15c2f3f5bc29a0','ffa7e40b89274589b3e41a9ed7a67d0c','8aef695dec754a99a2bb7f5077968d60','a30af0ce5e07474487c39adab6269d5f',1,'Setter 5','S5',NULL,'','',NULL,'2020-07-30 17:52:59',NULL);
INSERT INTO `asset` (`assetUUID`,`asset_locationUUID`,`asset_partUUID`,`asset_customerUUID`,`asset_statusId`,`asset_name`,`asset_shortName`,`asset_installDate`,`asset_createdByUUID`,`asset_updatedByUUID`,`asset_updatedTS`,`asset_createdTS`,`asset_deleteTS`) VALUES ('a81deb5b34c24672a2f9d7c8c7d8491d','ffa7e40b89274589b3e41a9ed7a67d0c','8aef695dec754a99a2bb7f5077968d60','a30af0ce5e07474487c39adab6269d5f',1,'Setter 3','S3',NULL,'','',NULL,'2020-07-30 17:52:54',NULL);
INSERT INTO `asset` (`assetUUID`,`asset_locationUUID`,`asset_partUUID`,`asset_customerUUID`,`asset_statusId`,`asset_name`,`asset_shortName`,`asset_installDate`,`asset_createdByUUID`,`asset_updatedByUUID`,`asset_updatedTS`,`asset_createdTS`,`asset_deleteTS`) VALUES ('a851befcd5c44e8493c240724265d826','84ced00f7b3744d0b13f93ab2288f89e','ee3fe999cf1844c8bf4e0d0e3f99ba96','a30af0ce5e07474487c39adab6269d5f',1,'Setter 26','S26',NULL,'','',NULL,'2020-07-30 17:53:53',NULL);
INSERT INTO `asset` (`assetUUID`,`asset_locationUUID`,`asset_partUUID`,`asset_customerUUID`,`asset_statusId`,`asset_name`,`asset_shortName`,`asset_installDate`,`asset_createdByUUID`,`asset_updatedByUUID`,`asset_updatedTS`,`asset_createdTS`,`asset_deleteTS`) VALUES ('ab50c9014ad9489aabae8c0d7e322d6c','ffa7e40b89274589b3e41a9ed7a67d0c','8aef695dec754a99a2bb7f5077968d60','a30af0ce5e07474487c39adab6269d5f',1,'Setter 16','S16',NULL,'','',NULL,'2020-07-30 17:53:25',NULL);
INSERT INTO `asset` (`assetUUID`,`asset_locationUUID`,`asset_partUUID`,`asset_customerUUID`,`asset_statusId`,`asset_name`,`asset_shortName`,`asset_installDate`,`asset_createdByUUID`,`asset_updatedByUUID`,`asset_updatedTS`,`asset_createdTS`,`asset_deleteTS`) VALUES ('ac70c850955f431085346d432fac381c','ffa7e40b89274589b3e41a9ed7a67d0c','8aef695dec754a99a2bb7f5077968d60','a30af0ce5e07474487c39adab6269d5f',1,'Setter 21','S21',NULL,'','',NULL,'2020-07-30 17:53:39',NULL);
INSERT INTO `asset` (`assetUUID`,`asset_locationUUID`,`asset_partUUID`,`asset_customerUUID`,`asset_statusId`,`asset_name`,`asset_shortName`,`asset_installDate`,`asset_createdByUUID`,`asset_updatedByUUID`,`asset_updatedTS`,`asset_createdTS`,`asset_deleteTS`) VALUES ('b4094a58fe734f56806514e619ba6b64','ffa7e40b89274589b3e41a9ed7a67d0c','8aef695dec754a99a2bb7f5077968d60','a30af0ce5e07474487c39adab6269d5f',1,'Setter 11','S11',NULL,'','',NULL,'2020-07-30 17:53:13',NULL);
INSERT INTO `asset` (`assetUUID`,`asset_locationUUID`,`asset_partUUID`,`asset_customerUUID`,`asset_statusId`,`asset_name`,`asset_shortName`,`asset_installDate`,`asset_createdByUUID`,`asset_updatedByUUID`,`asset_updatedTS`,`asset_createdTS`,`asset_deleteTS`) VALUES ('c503d3216e7547ea902797f1eb2ef65e','a30af0ce5e07474487c39adab6269d5f','69e0643f6213427388ed775d23e598c4','a30af0ce5e07474487c39adab6269d5f',1,'Hatcher 2','H2',NULL,'','',NULL,'2020-07-30 17:54:14',NULL);
INSERT INTO `asset` (`assetUUID`,`asset_locationUUID`,`asset_partUUID`,`asset_customerUUID`,`asset_statusId`,`asset_name`,`asset_shortName`,`asset_installDate`,`asset_createdByUUID`,`asset_updatedByUUID`,`asset_updatedTS`,`asset_createdTS`,`asset_deleteTS`) VALUES ('d5cdca09777d45028f572a1049b3d6b0','a30af0ce5e07474487c39adab6269d5f','69e0643f6213427388ed775d23e598c4','a30af0ce5e07474487c39adab6269d5f',1,'Hatcher 8','H8',NULL,'','',NULL,'2020-07-30 17:54:29',NULL);
INSERT INTO `asset` (`assetUUID`,`asset_locationUUID`,`asset_partUUID`,`asset_customerUUID`,`asset_statusId`,`asset_name`,`asset_shortName`,`asset_installDate`,`asset_createdByUUID`,`asset_updatedByUUID`,`asset_updatedTS`,`asset_createdTS`,`asset_deleteTS`) VALUES ('daa931da3a64489aaa87a1b32064917b','84ced00f7b3744d0b13f93ab2288f89e','ee3fe999cf1844c8bf4e0d0e3f99ba96','a30af0ce5e07474487c39adab6269d5f',1,'Setter 24','S24',NULL,'','',NULL,'2020-07-30 17:53:48',NULL);
INSERT INTO `asset` (`assetUUID`,`asset_locationUUID`,`asset_partUUID`,`asset_customerUUID`,`asset_statusId`,`asset_name`,`asset_shortName`,`asset_installDate`,`asset_createdByUUID`,`asset_updatedByUUID`,`asset_updatedTS`,`asset_createdTS`,`asset_deleteTS`) VALUES ('dc3547af0ae3453181dd014f012a00e5','ffa7e40b89274589b3e41a9ed7a67d0c','8aef695dec754a99a2bb7f5077968d60','a30af0ce5e07474487c39adab6269d5f',1,'Setter 19','S19',NULL,'','',NULL,'2020-07-30 17:53:32',NULL);
INSERT INTO `asset` (`assetUUID`,`asset_locationUUID`,`asset_partUUID`,`asset_customerUUID`,`asset_statusId`,`asset_name`,`asset_shortName`,`asset_installDate`,`asset_createdByUUID`,`asset_updatedByUUID`,`asset_updatedTS`,`asset_createdTS`,`asset_deleteTS`) VALUES ('dc496f062cb44856b8fab882efe4e901','ffa7e40b89274589b3e41a9ed7a67d0c','8aef695dec754a99a2bb7f5077968d60','a30af0ce5e07474487c39adab6269d5f',1,'Setter 17','S17',NULL,'','',NULL,'2020-07-30 17:53:28',NULL);
INSERT INTO `asset` (`assetUUID`,`asset_locationUUID`,`asset_partUUID`,`asset_customerUUID`,`asset_statusId`,`asset_name`,`asset_shortName`,`asset_installDate`,`asset_createdByUUID`,`asset_updatedByUUID`,`asset_updatedTS`,`asset_createdTS`,`asset_deleteTS`) VALUES ('e488f3b9c2894445b4e8aa4a96fa7dab','a30af0ce5e07474487c39adab6269d5f','0090d1d3b414471485c5e8b6f390a150','a30af0ce5e07474487c39adab6269d5f',1,'Chiller 1','Chiller 1',NULL,'','',NULL,'2020-07-30 17:54:36',NULL);
INSERT INTO `asset` (`assetUUID`,`asset_locationUUID`,`asset_partUUID`,`asset_customerUUID`,`asset_statusId`,`asset_name`,`asset_shortName`,`asset_installDate`,`asset_createdByUUID`,`asset_updatedByUUID`,`asset_updatedTS`,`asset_createdTS`,`asset_deleteTS`) VALUES ('e4f57343e39e438e954a780a59c1ab31','ffa7e40b89274589b3e41a9ed7a67d0c','8aef695dec754a99a2bb7f5077968d60','a30af0ce5e07474487c39adab6269d5f',1,'Setter 4','S4',NULL,'','',NULL,'2020-07-30 17:52:56',NULL);
INSERT INTO `asset` (`assetUUID`,`asset_locationUUID`,`asset_partUUID`,`asset_customerUUID`,`asset_statusId`,`asset_name`,`asset_shortName`,`asset_installDate`,`asset_createdByUUID`,`asset_updatedByUUID`,`asset_updatedTS`,`asset_createdTS`,`asset_deleteTS`) VALUES ('e5e37f884e18456890e2616e8b91efa0','ffa7e40b89274589b3e41a9ed7a67d0c','8aef695dec754a99a2bb7f5077968d60','a30af0ce5e07474487c39adab6269d5f',1,'Setter 7','S7',NULL,'','',NULL,'2020-07-30 17:53:03',NULL);
INSERT INTO `asset` (`assetUUID`,`asset_locationUUID`,`asset_partUUID`,`asset_customerUUID`,`asset_statusId`,`asset_name`,`asset_shortName`,`asset_installDate`,`asset_createdByUUID`,`asset_updatedByUUID`,`asset_updatedTS`,`asset_createdTS`,`asset_deleteTS`) VALUES ('eab8d338344b4bf2a862c85a5800a54e','ffa7e40b89274589b3e41a9ed7a67d0c','8aef695dec754a99a2bb7f5077968d60','a30af0ce5e07474487c39adab6269d5f',1,'Setter 18','S18',NULL,'','',NULL,'2020-07-30 17:53:30',NULL);
INSERT INTO `asset` (`assetUUID`,`asset_locationUUID`,`asset_partUUID`,`asset_customerUUID`,`asset_statusId`,`asset_name`,`asset_shortName`,`asset_installDate`,`asset_createdByUUID`,`asset_updatedByUUID`,`asset_updatedTS`,`asset_createdTS`,`asset_deleteTS`) VALUES ('edfe4b13ffcf47e0afa5fc6d3cfe19b7','84ced00f7b3744d0b13f93ab2288f89e','ee3fe999cf1844c8bf4e0d0e3f99ba96','a30af0ce5e07474487c39adab6269d5f',1,'Setter 25','S25',NULL,'','',NULL,'2020-07-30 17:53:50',NULL);
INSERT INTO `asset` (`assetUUID`,`asset_locationUUID`,`asset_partUUID`,`asset_customerUUID`,`asset_statusId`,`asset_name`,`asset_shortName`,`asset_installDate`,`asset_createdByUUID`,`asset_updatedByUUID`,`asset_updatedTS`,`asset_createdTS`,`asset_deleteTS`) VALUES ('ef2f505059a3410288b58cafb4a464c8','a30af0ce5e07474487c39adab6269d5f','69e0643f6213427388ed775d23e598c4','a30af0ce5e07474487c39adab6269d5f',1,'Hatcher 3','H3',NULL,'','',NULL,'2020-07-30 17:54:16',NULL);
INSERT INTO `asset` (`assetUUID`,`asset_locationUUID`,`asset_partUUID`,`asset_customerUUID`,`asset_statusId`,`asset_name`,`asset_shortName`,`asset_installDate`,`asset_createdByUUID`,`asset_updatedByUUID`,`asset_updatedTS`,`asset_createdTS`,`asset_deleteTS`) VALUES ('efdbf5c2b0d24063a77d73d058717604','a30af0ce5e07474487c39adab6269d5f','69e0643f6213427388ed775d23e598c4','a30af0ce5e07474487c39adab6269d5f',1,'Hatcher 7','H7',NULL,'','',NULL,'2020-07-30 17:54:26',NULL);
INSERT INTO `asset` (`assetUUID`,`asset_locationUUID`,`asset_partUUID`,`asset_customerUUID`,`asset_statusId`,`asset_name`,`asset_shortName`,`asset_installDate`,`asset_createdByUUID`,`asset_updatedByUUID`,`asset_updatedTS`,`asset_createdTS`,`asset_deleteTS`) VALUES ('f439e10783b64e5d9ce4bba8fa9a3a60','ffa7e40b89274589b3e41a9ed7a67d0c','8aef695dec754a99a2bb7f5077968d60','a30af0ce5e07474487c39adab6269d5f',1,'Setter 2','S2',NULL,'','',NULL,'2020-07-30 17:52:51',NULL);
INSERT INTO `asset` (`assetUUID`,`asset_locationUUID`,`asset_partUUID`,`asset_customerUUID`,`asset_statusId`,`asset_name`,`asset_shortName`,`asset_installDate`,`asset_createdByUUID`,`asset_updatedByUUID`,`asset_updatedTS`,`asset_createdTS`,`asset_deleteTS`) VALUES ('f6012ba062e54d93bde2bf4545473f97','ffa7e40b89274589b3e41a9ed7a67d0c','8aef695dec754a99a2bb7f5077968d60','a30af0ce5e07474487c39adab6269d5f',1,'Setter 10','S10',NULL,'','',NULL,'2020-07-30 17:53:11',NULL);
INSERT INTO `asset` (`assetUUID`,`asset_locationUUID`,`asset_partUUID`,`asset_customerUUID`,`asset_statusId`,`asset_name`,`asset_shortName`,`asset_installDate`,`asset_createdByUUID`,`asset_updatedByUUID`,`asset_updatedTS`,`asset_createdTS`,`asset_deleteTS`) VALUES ('f9d552794b2b4d56bb00c002dd960a42','a30af0ce5e07474487c39adab6269d5f','69e0643f6213427388ed775d23e598c4','a30af0ce5e07474487c39adab6269d5f',1,'Hatcher 1','H1',NULL,'','',NULL,'2020-07-30 17:54:12',NULL);
INSERT INTO `asset` (`assetUUID`,`asset_locationUUID`,`asset_partUUID`,`asset_customerUUID`,`asset_statusId`,`asset_name`,`asset_shortName`,`asset_installDate`,`asset_createdByUUID`,`asset_updatedByUUID`,`asset_updatedTS`,`asset_createdTS`,`asset_deleteTS`) VALUES ('fcaa0aeef66c4bc29c8a2bdcf87908a0','a30af0ce5e07474487c39adab6269d5f','ee3fe999cf1844c8bf4e0d0e3f99ba96','a30af0ce5e07474487c39adab6269d5f',1,'Chiller 2','Chiller 2',NULL,'','',NULL,'2020-07-30 17:54:38',NULL);
INSERT INTO `asset` (`assetUUID`,`asset_locationUUID`,`asset_partUUID`,`asset_customerUUID`,`asset_statusId`,`asset_name`,`asset_shortName`,`asset_installDate`,`asset_createdByUUID`,`asset_updatedByUUID`,`asset_updatedTS`,`asset_createdTS`,`asset_deleteTS`) VALUES ('fe2d186613ad404ba9a75c6d6f1df0dd','a30af0ce5e07474487c39adab6269d5f','','a30af0ce5e07474487c39adab6269d5f',1,'Egg Store','ES1',NULL,'','',NULL,'2020-07-30 17:54:41',NULL);
INSERT INTO `asset` (`assetUUID`,`asset_locationUUID`,`asset_partUUID`,`asset_customerUUID`,`asset_statusId`,`asset_name`,`asset_shortName`,`asset_installDate`,`asset_createdByUUID`,`asset_updatedByUUID`,`asset_updatedTS`,`asset_createdTS`,`asset_deleteTS`) VALUES ('fe53a04a4ce84bc0a006b4c78f7c650f','a30af0ce5e07474487c39adab6269d5f','','a30af0ce5e07474487c39adab6269d5f',1,'Egg Transfer','ET1',NULL,'','',NULL,'2020-07-30 17:54:43',NULL);

truncate asset_alert;

INSERT INTO `asset_alert` (`alertId`,`alert_assetUUID`,`alert_statusId`,`asset_description`,`alert_createdByUUID`,`alert_acknowledgedByUUID`,`alert_updatedTS`,`alert_createdTS`,`alert_deleteTS`) VALUES (1,'4bac0568871242efa878f86b344513fd',1,'','c710b9fae7514e9d86c1aec1591640df',NULL,NULL,'2020-01-01 00:00:00',NULL);
INSERT INTO `asset_alert` (`alertId`,`alert_assetUUID`,`alert_statusId`,`asset_description`,`alert_createdByUUID`,`alert_acknowledgedByUUID`,`alert_updatedTS`,`alert_createdTS`,`alert_deleteTS`) VALUES (2,'e488f3b9c2894445b4e8aa4a96fa7dab',1,'','c710b9fae7514e9d86c1aec1591640df',NULL,NULL,'2020-01-02 00:00:00',NULL);
INSERT INTO `asset_alert` (`alertId`,`alert_assetUUID`,`alert_statusId`,`asset_description`,`alert_createdByUUID`,`alert_acknowledgedByUUID`,`alert_updatedTS`,`alert_createdTS`,`alert_deleteTS`) VALUES (3,'c503d3216e7547ea902797f1eb2ef65e',1,'','242755853bc946c69e84cc767ca6b80c',NULL,NULL,'2020-01-03 00:00:00',NULL);
INSERT INTO `asset_alert` (`alertId`,`alert_assetUUID`,`alert_statusId`,`asset_description`,`alert_createdByUUID`,`alert_acknowledgedByUUID`,`alert_updatedTS`,`alert_createdTS`,`alert_deleteTS`) VALUES (4,'1ae334b6fb1d4903a58beebc385a3880',1,'','242755853bc946c69e84cc767ca6b80c',NULL,NULL,'2020-01-04 00:00:00',NULL);
INSERT INTO `asset_alert` (`alertId`,`alert_assetUUID`,`alert_statusId`,`asset_description`,`alert_createdByUUID`,`alert_acknowledgedByUUID`,`alert_updatedTS`,`alert_createdTS`,`alert_deleteTS`) VALUES (5,'5022502d7bce42c49d36f667dcdcbb47',1,'','c710b9fae7514e9d86c1aec1591640df',NULL,NULL,'2020-01-05 00:00:00',NULL);

truncate asset_part;

insert into asset_part (asset_partUUID,asset_part_customerUUID,asset_part_statusId,asset_part_sku,asset_part_name,asset_part_description,asset_part_shortName,asset_part_imageURL,asset_part_imageThumbURL,asset_part_hotSpotJSON,asset_part_isPurchasable,asset_part_magentoUUID,asset_part_vendor)values ('97c258b524fc445995a94837a746dc54','3792f636d9a843d190b8425cc06257f5',1,'A18','Avida Symphone A18','This is an overview of the entire machine. Click the image to view more detail.','A18','https://jcmi.sfo2.digitaloceanspaces.com/demodata/Hendrix/parts/A18.JPG','s3.amazonaws.com/imageThumb.jpg','{ll:[1,4],ur:[5,10],forwardType:"PRODUCT",forwardId:2,cssClass}',1,NULL,NULL);
insert into asset_part (asset_partUUID,asset_part_customerUUID,asset_part_statusId,asset_part_sku,asset_part_name,asset_part_description,asset_part_shortName,asset_part_imageURL,asset_part_imageThumbURL,asset_part_hotSpotJSON,asset_part_isPurchasable,asset_part_magentoUUID,asset_part_vendor) values ('8aef695dec754a99a2bb7f5077968d60','3792f636d9a843d190b8425cc06257f5',1,'A12','Avida Symphone A12','This is an overview of the entire machine. Click the image to view more detail.','A12','https://jcmi.sfo2.digitaloceanspaces.com/demodata/Hendrix/parts/A12%20Setter.JPG','s3.amazonaws.com/imageThumb.jpg','{ll:[1,4],ur:[5,10],forwardType:"PRODUCT",forwardId:2,cssClass}',1,NULL,NULL);
insert into asset_part (asset_partUUID,asset_part_customerUUID,asset_part_statusId,asset_part_sku,asset_part_name,asset_part_description,asset_part_shortName,asset_part_imageURL,asset_part_imageThumbURL,asset_part_hotSpotJSON,asset_part_isPurchasable,asset_part_magentoUUID,asset_part_vendor) values ('69e0643f6213427388ed775d23e598c4','3792f636d9a843d190b8425cc06257f5',1,'Zephyr','Avida Zeyphr 2 Zone Hatcher','This is an overview of the entire machine. Click the image to view more detail.','Zephyr','https://jcmi.sfo2.digitaloceanspaces.com/demodata/Hendrix/parts/Zephyr%20Hacher.JPG','s3.amazonaws.com/imageThumb.jpg','{ll:[1,4],ur:[5,10],forwardType:"PRODUCT",forwardId:2,cssClass}',1,NULL,NULL);
insert into asset_part (asset_partUUID,asset_part_customerUUID,asset_part_statusId,asset_part_sku,asset_part_name,asset_part_description,asset_part_shortName,asset_part_imageURL,asset_part_imageThumbURL,asset_part_hotSpotJSON,asset_part_isPurchasable,asset_part_magentoUUID,asset_part_vendor) values ('b43ff0bcf3cb4865a7b6cf49202b498f','3792f636d9a843d190b8425cc06257f5',1,'Coli Assy','Avida Symphony Fan & Cooling Coils','This is the inside of the Avida Symphony.  Click the image to view more detail.','A18 Fan & Coil Assy','https://jcmi.sfo2.digitaloceanspaces.com/demodata/Hendrix/parts/A%2018%20Cooling%20Coils.JPG','s3.amazonaws.com/imageThumb.jpg','{ll:[1,4],ur:[5,10],forwardType:"PRODUCT",forwardId:2,cssClass}',1,NULL,NULL);
insert into asset_part (asset_partUUID,asset_part_customerUUID,asset_part_statusId,asset_part_sku,asset_part_name,asset_part_description,asset_part_shortName,asset_part_imageURL,asset_part_imageThumbURL,asset_part_hotSpotJSON,asset_part_isPurchasable,asset_part_magentoUUID,asset_part_vendor) values ('e267e582e94c4a9ea380c39b86191e4d','3792f636d9a843d190b8425cc06257f5',1,'234B-06-4037','HEATER ELEMENT 1000W 250V (GREEN TAPE)','Click to order a part.','Heater Element','https://jcmi.sfo2.digitaloceanspaces.com/demodata/Hendrix/parts/234B-06-4037.JPG','s3.amazonaws.com/imageThumb.jpg','{ll:[1,4],ur:[5,10],forwardType:"PRODUCT",forwardId:2,cssClass}',1,NULL,NULL);
insert into asset_part (asset_partUUID,asset_part_customerUUID,asset_part_statusId,asset_part_sku,asset_part_name,asset_part_description,asset_part_shortName,asset_part_imageURL,asset_part_imageThumbURL,asset_part_hotSpotJSON,asset_part_isPurchasable,asset_part_magentoUUID,asset_part_vendor) values ('1c5a0f1a10b841699ee5b5f431d01e03','3792f636d9a843d190b8425cc06257f5',1,'A18 Roof','Avida Symphony A18 Roof','This is the roof of the Avida Symphony.  Click the image to view more detail.','A18 Roof','https://jcmi.sfo2.digitaloceanspaces.com/demodata/Hendrix/parts/A%2018%20Roof%20Ducting.JPG','s3.amazonaws.com/imageThumb.jpg','{ll:[1,4],ur:[5,10],forwardType:"PRODUCT",forwardId:2,cssClass}',1,NULL,NULL);
insert into asset_part (asset_partUUID,asset_part_customerUUID,asset_part_statusId,asset_part_sku,asset_part_name,asset_part_description,asset_part_shortName,asset_part_imageURL,asset_part_imageThumbURL,asset_part_hotSpotJSON,asset_part_isPurchasable,asset_part_magentoUUID,asset_part_vendor) values ('4b9a012b8c224169be25412b82525416','3792f636d9a843d190b8425cc06257f5',1,'A18 Door','Avida Symphony A18 Doors','This is the door of the Avida Symphony.  Click the image to view more detail.','A18 Door','https://jcmi.sfo2.digitaloceanspaces.com/demodata/Hendrix/parts/A18%20Doors.JPG','s3.amazonaws.com/imageThumb.jpg','{ll:[1,4],ur:[5,10],forwardType:"PRODUCT",forwardId:2,cssClass}',1,NULL,NULL);
insert into asset_part (asset_partUUID,asset_part_customerUUID,asset_part_statusId,asset_part_sku,asset_part_name,asset_part_description,asset_part_shortName,asset_part_imageURL,asset_part_imageThumbURL,asset_part_hotSpotJSON,asset_part_isPurchasable,asset_part_magentoUUID,asset_part_vendor) values ('cfb5830c46584023adcc5f8c77496fcd','3792f636d9a843d190b8425cc06257f5',1,'BE1012','BEARING 2 BOLT FLG-PADDLE FAN SST ASM','This is the fan assembly of the  Avida Symphony.  Click the image to view more detail.','Bearing','https://jcmi.sfo2.digitaloceanspaces.com/demodata/Hendrix/parts/A%2018%20Bearing%20Hub.JPG','s3.amazonaws.com/imageThumb.jpg','{ll:[1,4],ur:[5,10],forwardType:"PRODUCT",forwardId:2,cssClass}',1,NULL,NULL);
insert into asset_part (asset_partUUID,asset_part_customerUUID,asset_part_statusId,asset_part_sku,asset_part_name,asset_part_description,asset_part_shortName,asset_part_imageURL,asset_part_imageThumbURL,asset_part_hotSpotJSON,asset_part_isPurchasable,asset_part_magentoUUID,asset_part_vendor) values ('9a99f09a927749f9a266b5722aeaf7a8','3792f636d9a843d190b8425cc06257f5',1,'','Avida Symphony Trolley','This is the trolley.Click the image to view more detail.','A18 Trolleys - Jamesway 150 Tray','https://jcmi.sfo2.digitaloceanspaces.com/demodata/Hendrix/parts/A18%20Trolleys%20-%20Jamesway%20150%20Tray.JPG','s3.amazonaws.com/imageThumb.jpg','{ll:[1,4],ur:[5,10],forwardType:"PRODUCT",forwardId:2,cssClass}',1,NULL,NULL);
insert into asset_part (asset_partUUID,asset_part_customerUUID,asset_part_statusId,asset_part_sku,asset_part_name,asset_part_description,asset_part_shortName,asset_part_imageURL,asset_part_imageThumbURL,asset_part_hotSpotJSON,asset_part_isPurchasable,asset_part_magentoUUID,asset_part_vendor) values ('a3d41aebe5d541989730ea46fcb29eee','3792f636d9a843d190b8425cc06257f5',1,'244D-54-5002','SAFETY NON CONTACT DOOR SW W/ACT 3M','Click to order a part.','Door Switch','https://jcmi.sfo2.digitaloceanspaces.com/demodata/Hendrix/parts/Door%20Switch.JPG','s3.amazonaws.com/imageThumb.jpg','{ll:[1,4],ur:[5,10],forwardType:"PRODUCT",forwardId:2,cssClass}',1,NULL,NULL);
insert into asset_part (asset_partUUID,asset_part_customerUUID,asset_part_statusId,asset_part_sku,asset_part_name,asset_part_description,asset_part_shortName,asset_part_imageURL,asset_part_imageThumbURL,asset_part_hotSpotJSON,asset_part_isPurchasable,asset_part_magentoUUID,asset_part_vendor) values ('8cac69b8107f4043a8949d7968ec71d4','3792f636d9a843d190b8425cc06257f5',1,'247D-09-4608','SENSOR RH 0-10V W/WASHDOWN CAP','Click to order a part.','RH Sensor','https://jcmi.sfo2.digitaloceanspaces.com/demodata/Hendrix/parts/RH%20Sensor.JPG','s3.amazonaws.com/imageThumb.jpg','{ll:[1,4],ur:[5,10],forwardType:"PRODUCT",forwardId:2,cssClass}',1,NULL,NULL);
insert into asset_part (asset_partUUID,asset_part_customerUUID,asset_part_statusId,asset_part_sku,asset_part_name,asset_part_description,asset_part_shortName,asset_part_imageURL,asset_part_imageThumbURL,asset_part_hotSpotJSON,asset_part_isPurchasable,asset_part_magentoUUID,asset_part_vendor) values ('9b98a2a6e68f41a6ace1a755033989d1','3792f636d9a843d190b8425cc06257f5',1,'CC3-14400','CC3 14400 Hvac Unit','Select an area for more detail','CC3','https://jcmi.sfo2.digitaloceanspaces.com/demodata/Hendrix/parts/CC3_GL_3.jpeg','s3.amazonaws.com/imageThumb.jpg','{ll:[1,4],ur:[5,10],forwardType:"PRODUCT",forwardId:2,cssClass}',1,NULL,NULL);
insert into asset_part (asset_partUUID,asset_part_customerUUID,asset_part_statusId,asset_part_sku,asset_part_name,asset_part_description,asset_part_shortName,asset_part_imageURL,asset_part_imageThumbURL,asset_part_hotSpotJSON,asset_part_isPurchasable,asset_part_magentoUUID,asset_part_vendor) values ('0090d1d3b414471485c5e8b6f390a150','3792f636d9a843d190b8425cc06257f5',1,'Train Chiller','AquaStream™ 3G chiller CGAM','Select an area for more detail','Chiller 1','https://jcmi.sfo2.digitaloceanspaces.com/demodata/Hendrix/parts/TrainChiller.jpg','s3.amazonaws.com/imageThumb.jpg','{ll:[1,4],ur:[5,10],forwardType:"PRODUCT",forwardId:2,cssClass}',1,NULL,NULL);
insert into asset_part (asset_partUUID,asset_part_customerUUID,asset_part_statusId,asset_part_sku,asset_part_name,asset_part_description,asset_part_shortName,asset_part_imageURL,asset_part_imageThumbURL,asset_part_hotSpotJSON,asset_part_isPurchasable,asset_part_magentoUUID,asset_part_vendor) values ('ee3fe999cf1844c8bf4e0d0e3f99ba96','3792f636d9a843d190b8425cc06257f5',1,'Train Chiller','AquaStream™ 3G chiller CGAM','Select an area for more detail','Chiller 2','https://jcmi.sfo2.digitaloceanspaces.com/demodata/Hendrix/parts/TrainChiller.jpg','s3.amazonaws.com/imageThumb.jpg','{ll:[1,4],ur:[5,10],forwardType:"PRODUCT",forwardId:2,cssClass}',1,NULL,NULL);

truncate asset_part_join;

INSERT INTO asset_part_join (apj_parent_asset_partUUID,apj_child_asset_partUUID) VALUES ('97c258b524fc445995a94837a746dc54','1c5a0f1a10b841699ee5b5f431d01e03');
INSERT INTO asset_part_join (apj_parent_asset_partUUID,apj_child_asset_partUUID) VALUES ('8aef695dec754a99a2bb7f5077968d60','4b9a012b8c224169be25412b82525416');
INSERT INTO asset_part_join (apj_parent_asset_partUUID,apj_child_asset_partUUID) VALUES ('b43ff0bcf3cb4865a7b6cf49202b498f','cfb5830c46584023adcc5f8c77496fcd');
INSERT INTO asset_part_join (apj_parent_asset_partUUID,apj_child_asset_partUUID) VALUES ('b43ff0bcf3cb4865a7b6cf49202b498f','e267e582e94c4a9ea380c39b86191e4d');

-- ====== Customer Location

truncate location;

INSERT INTO `location` (`locationUUID`,`location_customerUUID`,`location_statusId`,`location_type`,`location_name`,`location_description`,`location_isPrimary`,`location_imageUrl`,`location_hotSpotJSON`,`location_addressTypeId`,`location_address`,`location_address_city`,`location_address_state`,`location_address_zip`,`location_country`,`location_contact_name`,`location_contact_email`,`location_contact_phone`,`location_createdByUUID`,`location_updatedByUUID`,`location_updatedTS`,`location_createdTS`,`location_deleteTS`) VALUES ('179d6406ac1241e0bd148d3f1ccabf36','a30af0ce5e07474487c39adab6269d5f',1,NULL,'Ventilation',NULL,0,'https://jcmi.sfo2.digitaloceanspaces.com/demodata/Hendrix/layouts/JoiceAndHillUKVentilation.jpg','',1,'','',NULL,'','','','','','',NULL,NULL,'2020-07-30 19:26:58',NULL);
INSERT INTO `location` (`locationUUID`,`location_customerUUID`,`location_statusId`,`location_type`,`location_name`,`location_description`,`location_isPrimary`,`location_imageUrl`,`location_hotSpotJSON`,`location_addressTypeId`,`location_address`,`location_address_city`,`location_address_state`,`location_address_zip`,`location_country`,`location_contact_name`,`location_contact_email`,`location_contact_phone`,`location_createdByUUID`,`location_updatedByUUID`,`location_updatedTS`,`location_createdTS`,`location_deleteTS`) VALUES ('623388a08cc84b2ebceb9548433f6d5e','a30af0ce5e07474487c39adab6269d5f',1,NULL,'Egg Processing Rooms',NULL,0,'https://jcmi.sfo2.digitaloceanspaces.com/demodata/Hendrix/layouts/JoiceAndHillEggHandlingRooms.jpg','',1,'','',NULL,'','','','','','',NULL,NULL,'2020-07-30 19:26:54',NULL);
INSERT INTO `location` (`locationUUID`,`location_customerUUID`,`location_statusId`,`location_type`,`location_name`,`location_description`,`location_isPrimary`,`location_imageUrl`,`location_hotSpotJSON`,`location_addressTypeId`,`location_address`,`location_address_city`,`location_address_state`,`location_address_zip`,`location_country`,`location_contact_name`,`location_contact_email`,`location_contact_phone`,`location_createdByUUID`,`location_updatedByUUID`,`location_updatedTS`,`location_createdTS`,`location_deleteTS`) VALUES ('77e65305e3e746329daa288a31e1b10c','a30af0ce5e07474487c39adab6269d5f',1,NULL,'Hendrix Genetics UK - Joice & Hill','TRUE',0,'https://jcmi.sfo2.digitaloceanspaces.com/demodata/Hendrix/layouts/JoiceAndHillUK.JPG','',1,'The Hatchery','Green Road',NULL,'PE6 7YP','UK','Dale','Dale@Hendrix.co.uk','','',NULL,NULL,'2020-07-30 19:26:36',NULL);
INSERT INTO `location` (`locationUUID`,`location_customerUUID`,`location_statusId`,`location_type`,`location_name`,`location_description`,`location_isPrimary`,`location_imageUrl`,`location_hotSpotJSON`,`location_addressTypeId`,`location_address`,`location_address_city`,`location_address_state`,`location_address_zip`,`location_country`,`location_contact_name`,`location_contact_email`,`location_contact_phone`,`location_createdByUUID`,`location_updatedByUUID`,`location_updatedTS`,`location_createdTS`,`location_deleteTS`) VALUES ('84ced00f7b3744d0b13f93ab2288f89e','a30af0ce5e07474487c39adab6269d5f',1,NULL,'Setter Room 2',NULL,0,'https://jcmi.sfo2.digitaloceanspaces.com/demodata/Hendrix/layouts/JoiceAndHillUKSetterRoom2.jpg','',1,'','',NULL,'','','','','','',NULL,NULL,'2020-07-30 19:26:45',NULL);
INSERT INTO `location` (`locationUUID`,`location_customerUUID`,`location_statusId`,`location_type`,`location_name`,`location_description`,`location_isPrimary`,`location_imageUrl`,`location_hotSpotJSON`,`location_addressTypeId`,`location_address`,`location_address_city`,`location_address_state`,`location_address_zip`,`location_country`,`location_contact_name`,`location_contact_email`,`location_contact_phone`,`location_createdByUUID`,`location_updatedByUUID`,`location_updatedTS`,`location_createdTS`,`location_deleteTS`) VALUES ('9e6d0e2d91364b74b6b72642946c03dc','a30af0ce5e07474487c39adab6269d5f',1,NULL,'Global','TRUE',0,'https://jcmi.sfo2.digitaloceanspaces.com/demodata/Hendrix/layouts/HendrixGroup.JPG','',1,'Chick Master USA','Medina',NULL,'44256','USA','Mark','msentell@chickmaster.com','330-952-3005','',NULL,NULL,'2020-07-30 19:26:31',NULL);
INSERT INTO `location` (`locationUUID`,`location_customerUUID`,`location_statusId`,`location_type`,`location_name`,`location_description`,`location_isPrimary`,`location_imageUrl`,`location_hotSpotJSON`,`location_addressTypeId`,`location_address`,`location_address_city`,`location_address_state`,`location_address_zip`,`location_country`,`location_contact_name`,`location_contact_email`,`location_contact_phone`,`location_createdByUUID`,`location_updatedByUUID`,`location_updatedTS`,`location_createdTS`,`location_deleteTS`) VALUES ('a5bcad659b2442f38208a4d3fcb9ade5','a30af0ce5e07474487c39adab6269d5f',1,NULL,'Hatcher Room',NULL,0,'https://jcmi.sfo2.digitaloceanspaces.com/demodata/Hendrix/layouts/JoiceAndHillUKHatcherRooms.jpg','',1,'','',NULL,'','','','','','',NULL,NULL,'2020-07-30 19:26:49',NULL);
INSERT INTO `location` (`locationUUID`,`location_customerUUID`,`location_statusId`,`location_type`,`location_name`,`location_description`,`location_isPrimary`,`location_imageUrl`,`location_hotSpotJSON`,`location_addressTypeId`,`location_address`,`location_address_city`,`location_address_state`,`location_address_zip`,`location_country`,`location_contact_name`,`location_contact_email`,`location_contact_phone`,`location_createdByUUID`,`location_updatedByUUID`,`location_updatedTS`,`location_createdTS`,`location_deleteTS`) VALUES ('ffa7e40b89274589b3e41a9ed7a67d0c','a30af0ce5e07474487c39adab6269d5f',1,NULL,'Setter Room 1',NULL,0,'https://jcmi.sfo2.digitaloceanspaces.com/demodata/Hendrix/layouts/JoiceAndHillSetterRoom1.jpg','',1,'','',NULL,'','','','','','',NULL,NULL,'2020-07-30 19:26:40',NULL);

truncate attachment;

INSERT INTO `attachment` (`attachmentUUID`,`attachment_statusId`,`attachment_fileURL`,`attachment_shortName`,`attachment_description`,`attachment_mimeType`,`attachment_customerUUID`,`attachment_createdByUUID`,`attachment_acknowledgedByUUID`,`attachment_updatedTS`,`attachment_createdTS`,`attachment_deleteTS`) VALUES ('85a9fc657d60484eb35009250b50f9c7',1,'https://jcmi.sfo2.digitaloceanspaces.com/demodata/Hendrix/attachments/CC3-GL%20IOM%20Manual.pdf','CC3 14400','HVAC Unit','PDF','','','',NULL,'2020-07-30 19:45:05',NULL);
INSERT INTO `attachment` (`attachmentUUID`,`attachment_statusId`,`attachment_fileURL`,`attachment_shortName`,`attachment_description`,`attachment_mimeType`,`attachment_customerUUID`,`attachment_createdByUUID`,`attachment_acknowledgedByUUID`,`attachment_updatedTS`,`attachment_createdTS`,`attachment_deleteTS`) VALUES ('b1dd1035371a4cb7839c19e2c0b4ff78',1,'https://jcmi.sfo2.digitaloceanspaces.com/demodata/Hendrix/attachments/Train%20Chiller.PDF','Chiller','Train ABC123 Chiller Unit','PDF','','','',NULL,'2020-07-30 19:45:08',NULL);

-- ============== Knowledege Base

truncate knowledge_base;

INSERT INTO `knowledge_base` (`knowledgeUUID`,`knowledge_statusId`,`knowledge_imageURL`,`knowledge_tags`,`knowledge_categories`,`knowledge_title`,`knowledge_content`,`knowledge_customerUUID`,`knowledge_likes`,`knowledge_dislikes`,`knowledge_createdByUUID`,`knowledge_acknowledgedByUUID`,`knowledge_updatedTS`,`knowledge_createdTS`,`knowledge_deleteTS`) VALUES ('15d2367997f3494cb78b2c62a7868b91',1,'image.jpg','A18,Rock','configruation, troubleshooting, incubation','Heater Runs Constantly ZONE 1',NULL,NULL,100,5,'','',NULL,'2020-07-31 11:44:06',NULL);
INSERT INTO `knowledge_base` (`knowledgeUUID`,`knowledge_statusId`,`knowledge_imageURL`,`knowledge_tags`,`knowledge_categories`,`knowledge_title`,`knowledge_content`,`knowledge_customerUUID`,`knowledge_likes`,`knowledge_dislikes`,`knowledge_createdByUUID`,`knowledge_acknowledgedByUUID`,`knowledge_updatedTS`,`knowledge_createdTS`,`knowledge_deleteTS`) VALUES ('23bce1570e7947a49cfa6038d5b4f4c9',1,'','A18,Rock','configruation, troubleshooting, incubation','Heater Will Not Run ZONE 1',NULL,NULL,100,5,'','',NULL,'2020-07-31 11:44:14',NULL);
INSERT INTO `knowledge_base` (`knowledgeUUID`,`knowledge_statusId`,`knowledge_imageURL`,`knowledge_tags`,`knowledge_categories`,`knowledge_title`,`knowledge_content`,`knowledge_customerUUID`,`knowledge_likes`,`knowledge_dislikes`,`knowledge_createdByUUID`,`knowledge_acknowledgedByUUID`,`knowledge_updatedTS`,`knowledge_createdTS`,`knowledge_deleteTS`) VALUES ('25810eb73bdc4444a64590b73fe00627',1,'','A18,Rock','configruation, troubleshooting, incubation','Fan # 1 Stopped',NULL,NULL,100,5,'','',NULL,'2020-07-31 11:44:03',NULL);
INSERT INTO `knowledge_base` (`knowledgeUUID`,`knowledge_statusId`,`knowledge_imageURL`,`knowledge_tags`,`knowledge_categories`,`knowledge_title`,`knowledge_content`,`knowledge_customerUUID`,`knowledge_likes`,`knowledge_dislikes`,`knowledge_createdByUUID`,`knowledge_acknowledgedByUUID`,`knowledge_updatedTS`,`knowledge_createdTS`,`knowledge_deleteTS`) VALUES ('42a32a044862463ebd410ad3fb27e68a',1,'','A18,Rock','configruation, troubleshooting, incubation','No Humidity Spray',NULL,NULL,100,5,'','',NULL,'2020-07-31 11:43:46',NULL);
INSERT INTO `knowledge_base` (`knowledgeUUID`,`knowledge_statusId`,`knowledge_imageURL`,`knowledge_tags`,`knowledge_categories`,`knowledge_title`,`knowledge_content`,`knowledge_customerUUID`,`knowledge_likes`,`knowledge_dislikes`,`knowledge_createdByUUID`,`knowledge_acknowledgedByUUID`,`knowledge_updatedTS`,`knowledge_createdTS`,`knowledge_deleteTS`) VALUES ('56d9e4d5f46145f18b732210437bf9fa',1,'','A18,Rock','configruation, troubleshooting, incubation','No Water Cooling ZONE 1',NULL,NULL,100,5,'','',NULL,'2020-07-31 11:43:54',NULL);
INSERT INTO `knowledge_base` (`knowledgeUUID`,`knowledge_statusId`,`knowledge_imageURL`,`knowledge_tags`,`knowledge_categories`,`knowledge_title`,`knowledge_content`,`knowledge_customerUUID`,`knowledge_likes`,`knowledge_dislikes`,`knowledge_createdByUUID`,`knowledge_acknowledgedByUUID`,`knowledge_updatedTS`,`knowledge_createdTS`,`knowledge_deleteTS`) VALUES ('708e3d5b2c3143839197e590b291364b',1,'','A18,Rock','configruation, troubleshooting, incubation','Machine Stopped',NULL,NULL,100,5,'','',NULL,'2020-07-31 11:44:18',NULL);
INSERT INTO `knowledge_base` (`knowledgeUUID`,`knowledge_statusId`,`knowledge_imageURL`,`knowledge_tags`,`knowledge_categories`,`knowledge_title`,`knowledge_content`,`knowledge_customerUUID`,`knowledge_likes`,`knowledge_dislikes`,`knowledge_createdByUUID`,`knowledge_acknowledgedByUUID`,`knowledge_updatedTS`,`knowledge_createdTS`,`knowledge_deleteTS`) VALUES ('b1319f9aff38443fa6771cacc8506cea',1,'','A18,Rock','configruation, troubleshooting, incubation','Cooling Water Runs Constantly  ZONE 1',NULL,NULL,100,5,'','',NULL,'2020-07-31 11:43:59',NULL);
INSERT INTO `knowledge_base` (`knowledgeUUID`,`knowledge_statusId`,`knowledge_imageURL`,`knowledge_tags`,`knowledge_categories`,`knowledge_title`,`knowledge_content`,`knowledge_customerUUID`,`knowledge_likes`,`knowledge_dislikes`,`knowledge_createdByUUID`,`knowledge_acknowledgedByUUID`,`knowledge_updatedTS`,`knowledge_createdTS`,`knowledge_deleteTS`) VALUES ('c81ff8b2b9fe412ea029a310509a02e8',1,'','A18,Rock','configruation, troubleshooting, incubation','Humidity Spray Runs Constantly',NULL,NULL,100,5,'','',NULL,'2020-07-31 11:43:50',NULL);
INSERT INTO `knowledge_base` (`knowledgeUUID`,`knowledge_statusId`,`knowledge_imageURL`,`knowledge_tags`,`knowledge_categories`,`knowledge_title`,`knowledge_content`,`knowledge_customerUUID`,`knowledge_likes`,`knowledge_dislikes`,`knowledge_createdByUUID`,`knowledge_acknowledgedByUUID`,`knowledge_updatedTS`,`knowledge_createdTS`,`knowledge_deleteTS`) VALUES ('ef085a9d9f45413eac9579e3fbbb5707',1,'','A18,Rock','configruation, troubleshooting, incubation','Over Temperature Alarm',NULL,NULL,100,5,'','',NULL,'2020-07-31 11:44:10',NULL);

-- =============Diagnostic Tree

truncate diagnostic_tree;

INSERT INTO `diagnostic_tree` (`diagnosticUUID`,`diagnostic_statusId`,`diagnostic_name`,`diagnostic_description`,`diagnostic_startNodeUUID`,`diagnostic_createdByUUID`,`diagnostic_updatedByUUID`,`diagnostic_updatedTS`,`diagnostic_createdTS`,`diagnostic_deleteTS`) VALUES ('633a54011d76432b9fa18b0b6308c189',1,'a tree to diagnose problems with a heating coil',NULL,'1','','',NULL,'2020-07-31 12:13:20',NULL);

truncate diagnostic_node;

INSERT INTO `diagnostic_node` (`diagnostic_nodeUUID`,`diagnostic_node_diagnosticUUID`,`diagnostic_node_statusId`,`diagnostic_node_title`,`diagnostic_node_prompt`,`diagnostic_node_optionPrompt`,`diagnostic_node_hotSpotJSON`,`diagnostic_node_imageSetJSON`,`diagnostic_node_optionSetJSON`,`diagnostic_node_createdByUUID`,`diagnostic_node_updatedByUUID`,`diagnostic_node_updatedTS`,`diagnostic_node_createdTS`,`diagnostic_node_deleteTS`) VALUES ('06302360b8c248fe84109d2a0f9fbd49','633a54011d76432b9fa18b0b6308c189',1,'Diagnose a Fault','Click the nature of the fault, Machine or Zone related','','{ll:[1,4],ur:[5,10],forwardType:\"NODE\",forwardUUID:2,cssClass}\'','https://jcmi.sfo2.digitaloceanspaces.com/demodata/Hendrix/diagnostics/Heating1.JPG','{\"Whole Machine\": Node, \"Zone Specific\":  NODE 2','','',NULL,'2020-07-31 12:22:02',NULL);
INSERT INTO `diagnostic_node` (`diagnostic_nodeUUID`,`diagnostic_node_diagnosticUUID`,`diagnostic_node_statusId`,`diagnostic_node_title`,`diagnostic_node_prompt`,`diagnostic_node_optionPrompt`,`diagnostic_node_hotSpotJSON`,`diagnostic_node_imageSetJSON`,`diagnostic_node_optionSetJSON`,`diagnostic_node_createdByUUID`,`diagnostic_node_updatedByUUID`,`diagnostic_node_updatedTS`,`diagnostic_node_createdTS`,`diagnostic_node_deleteTS`) VALUES ('1834487471bb4cccbaa8b0dc1cedc463','633a54011d76432b9fa18b0b6308c189',1,'Success !!','Well Done you fxed the fault.','Start Troubleshooting again ?','','https://jcmi.sfo2.digitaloceanspaces.com/demodata/Hendrix/diagnostics/Done.jpg','{\"Yes\": Node1, \"No\":  Home','','',NULL,'2020-07-31 12:22:18',NULL);
INSERT INTO `diagnostic_node` (`diagnostic_nodeUUID`,`diagnostic_node_diagnosticUUID`,`diagnostic_node_statusId`,`diagnostic_node_title`,`diagnostic_node_prompt`,`diagnostic_node_optionPrompt`,`diagnostic_node_hotSpotJSON`,`diagnostic_node_imageSetJSON`,`diagnostic_node_optionSetJSON`,`diagnostic_node_createdByUUID`,`diagnostic_node_updatedByUUID`,`diagnostic_node_updatedTS`,`diagnostic_node_createdTS`,`diagnostic_node_deleteTS`) VALUES ('5d84cb09d6fb473baba1b8914fc30c3f','633a54011d76432b9fa18b0b6308c189',1,'The Fault is Zone Specific','Select the area of the fault','Selecte either Heating, Cooling, Fan, Temp Sensors or Humidity','{ll:[1,4],ur:[5,10],forwardType:\"NODE\",forwardUUID:2,cssClass}\'',' https://jcmi.sfo2.digitaloceanspaces.com/demodata/Hendrix/diagnostics/Heating2.JPG','','','',NULL,'2020-07-31 12:22:06',NULL);
INSERT INTO `diagnostic_node` (`diagnostic_nodeUUID`,`diagnostic_node_diagnosticUUID`,`diagnostic_node_statusId`,`diagnostic_node_title`,`diagnostic_node_prompt`,`diagnostic_node_optionPrompt`,`diagnostic_node_hotSpotJSON`,`diagnostic_node_imageSetJSON`,`diagnostic_node_optionSetJSON`,`diagnostic_node_createdByUUID`,`diagnostic_node_updatedByUUID`,`diagnostic_node_updatedTS`,`diagnostic_node_createdTS`,`diagnostic_node_deleteTS`) VALUES ('63c22622ec754a618917ee26b7f60804','633a54011d76432b9fa18b0b6308c189',1,'Heating Element Troubleshooting','Please check the heating element for continuity. Use the resistance (OHM) setting on a multimeter. ','If this is an open circuit (no resistance on the multimeter), please replace the heating element. - Would you like to order  the part ?','','https://jcmi.sfo2.digitaloceanspaces.com/demodata/Hendrix/diagnostics/Heating4.JPG','{\"Yes : Order Part,  \"Finished\": Node 6\")','','',NULL,'2020-07-31 12:22:14',NULL);
INSERT INTO `diagnostic_node` (`diagnostic_nodeUUID`,`diagnostic_node_diagnosticUUID`,`diagnostic_node_statusId`,`diagnostic_node_title`,`diagnostic_node_prompt`,`diagnostic_node_optionPrompt`,`diagnostic_node_hotSpotJSON`,`diagnostic_node_imageSetJSON`,`diagnostic_node_optionSetJSON`,`diagnostic_node_createdByUUID`,`diagnostic_node_updatedByUUID`,`diagnostic_node_updatedTS`,`diagnostic_node_createdTS`,`diagnostic_node_deleteTS`) VALUES ('a5117edef40f4b319adc81b7bbe9fc06','633a54011d76432b9fa18b0b6308c189',1,'Heating Element Troubleshooting','Please check the supply breakers to the heating elements - these are CB15 and CB16.','Were the Breakers Tripped ?','','https://jcmi.sfo2.digitaloceanspaces.com/demodata/Hendrix/diagnostics/Heating3.JPG','{\"Yes\": Node 6, \"No\":  Node 4','','',NULL,'2020-07-31 12:22:09',NULL);

-- ============== Checklist

truncate checklist;

INSERT INTO `checklist` (`checklistUUID`,`checklist_customerUUID`,`checklist_statusId`,`checklist_name`,`checklist_recommendedFrequency`,`checklist_rulesJSON`,`checklist_createdByUUID`,`checklist_updatedByUUID`,`checklist_updatedTS`,`checklist_createdTS`,`checklist_deleteTS`) VALUES ('2b61b61eb4d141799a9560cccb109f59','a30af0ce5e07474487c39adab6269d5f',1,'Daily Check Sheet','Daily Check','{ assetRequired=0,1}','','',NULL,'2020-07-31 12:27:11',NULL);
INSERT INTO `checklist` (`checklistUUID`,`checklist_customerUUID`,`checklist_statusId`,`checklist_name`,`checklist_recommendedFrequency`,`checklist_rulesJSON`,`checklist_createdByUUID`,`checklist_updatedByUUID`,`checklist_updatedTS`,`checklist_createdTS`,`checklist_deleteTS`) VALUES ('8090644719c64be4abd2ba78f915bf5d','a30af0ce5e07474487c39adab6269d5f',1,'Pre-Transfer Checklist','Before Transfer','{ assetRequired=0,1}','','',NULL,'2020-07-31 12:27:08',NULL);
INSERT INTO `checklist` (`checklistUUID`,`checklist_customerUUID`,`checklist_statusId`,`checklist_name`,`checklist_recommendedFrequency`,`checklist_rulesJSON`,`checklist_createdByUUID`,`checklist_updatedByUUID`,`checklist_updatedTS`,`checklist_createdTS`,`checklist_deleteTS`) VALUES ('aa8ba3cfecda4dc09ad52c0abf670807','a30af0ce5e07474487c39adab6269d5f',1,'Monthly Maint Check','Monthly','{ assetRequired=0,1}','','',NULL,'2020-07-31 12:27:13',NULL);
INSERT INTO `checklist` (`checklistUUID`,`checklist_customerUUID`,`checklist_statusId`,`checklist_name`,`checklist_recommendedFrequency`,`checklist_rulesJSON`,`checklist_createdByUUID`,`checklist_updatedByUUID`,`checklist_updatedTS`,`checklist_createdTS`,`checklist_deleteTS`) VALUES ('b4cc8af1e61a48f994c6ea5a0ff90542','a30af0ce5e07474487c39adab6269d5f',1,'Pre-Set Checklist','Before Seting Eggs','{ assetRequired=0,1}','','',NULL,'2020-07-31 12:27:04',NULL);

truncate checklist_item;

INSERT INTO `checklist_item` (`checklist_itemUUID`,`checklist_item_checklistUUID`,`checklist_item_customerUUID`,`checklist_item_statusId`,`checklist_item_sortOrder`,`checklist_item_prompt`,`checklist_item_type`,`checklist_item_optionSetJSON`,`checklist_item_successPrompt`,`checklist_item_successRange`,`checklist_item_createdByUUID`,`checklist_item_updatedByUUID`,`checklist_item_updatedTS`,`checklist_item_createdTS`,`checklist_item_deleteTS`) VALUES ('015aa5fd863849d49f3216c784b41dbb','8090644719c64be4abd2ba78f915bf5d','a30af0ce5e07474487c39adab6269d5f',1,8,'Check Door Seals','boolean','YES / NO','YES','YES','','',NULL,'2020-07-31 12:59:18',NULL);
INSERT INTO `checklist_item` (`checklist_itemUUID`,`checklist_item_checklistUUID`,`checklist_item_customerUUID`,`checklist_item_statusId`,`checklist_item_sortOrder`,`checklist_item_prompt`,`checklist_item_type`,`checklist_item_optionSetJSON`,`checklist_item_successPrompt`,`checklist_item_successRange`,`checklist_item_createdByUUID`,`checklist_item_updatedByUUID`,`checklist_item_updatedTS`,`checklist_item_createdTS`,`checklist_item_deleteTS`) VALUES ('084c6a7b515e4f1a9ba58f8b58581fc0','2b61b61eb4d141799a9560cccb109f59','a30af0ce5e07474487c39adab6269d5f',1,3,'Enter Stage Runtime #','Value','Value','Enter Current Value','0-50','','',NULL,'2020-07-31 13:00:07',NULL);
INSERT INTO `checklist_item` (`checklist_itemUUID`,`checklist_item_checklistUUID`,`checklist_item_customerUUID`,`checklist_item_statusId`,`checklist_item_sortOrder`,`checklist_item_prompt`,`checklist_item_type`,`checklist_item_optionSetJSON`,`checklist_item_successPrompt`,`checklist_item_successRange`,`checklist_item_createdByUUID`,`checklist_item_updatedByUUID`,`checklist_item_updatedTS`,`checklist_item_createdTS`,`checklist_item_deleteTS`) VALUES ('109c550dd7bf43088b1a92a36207cbb5','b4cc8af1e61a48f994c6ea5a0ff90542','a30af0ce5e07474487c39adab6269d5f',1,1,'Check Belt Tension','boolean','YES / NO','YES','YES','','',NULL,'2020-07-31 12:57:31',NULL);
INSERT INTO `checklist_item` (`checklist_itemUUID`,`checklist_item_checklistUUID`,`checklist_item_customerUUID`,`checklist_item_statusId`,`checklist_item_sortOrder`,`checklist_item_prompt`,`checklist_item_type`,`checklist_item_optionSetJSON`,`checklist_item_successPrompt`,`checklist_item_successRange`,`checklist_item_createdByUUID`,`checklist_item_updatedByUUID`,`checklist_item_updatedTS`,`checklist_item_createdTS`,`checklist_item_deleteTS`) VALUES ('12d41f3c0d7a42af96fe3d04368a8ea1','b4cc8af1e61a48f994c6ea5a0ff90542','a30af0ce5e07474487c39adab6269d5f',1,15,'Check Electraic Heating operational','boolean','YES / NO','YES','YES','','',NULL,'2020-07-31 12:58:28',NULL);
INSERT INTO `checklist_item` (`checklist_itemUUID`,`checklist_item_checklistUUID`,`checklist_item_customerUUID`,`checklist_item_statusId`,`checklist_item_sortOrder`,`checklist_item_prompt`,`checklist_item_type`,`checklist_item_optionSetJSON`,`checklist_item_successPrompt`,`checklist_item_successRange`,`checklist_item_createdByUUID`,`checklist_item_updatedByUUID`,`checklist_item_updatedTS`,`checklist_item_createdTS`,`checklist_item_deleteTS`) VALUES ('182c6d3f16554ae79fe381d6a1f754e1','2b61b61eb4d141799a9560cccb109f59','a30af0ce5e07474487c39adab6269d5f',1,1,'Enter Current Turning Count','Value','Value','Enter Current Value','<1','','',NULL,'2020-07-31 12:59:58',NULL);
INSERT INTO `checklist_item` (`checklist_itemUUID`,`checklist_item_checklistUUID`,`checklist_item_customerUUID`,`checklist_item_statusId`,`checklist_item_sortOrder`,`checklist_item_prompt`,`checklist_item_type`,`checklist_item_optionSetJSON`,`checklist_item_successPrompt`,`checklist_item_successRange`,`checklist_item_createdByUUID`,`checklist_item_updatedByUUID`,`checklist_item_updatedTS`,`checklist_item_createdTS`,`checklist_item_deleteTS`) VALUES ('1a864a9473b54ebfac7ec40fe03cd334','b4cc8af1e61a48f994c6ea5a0ff90542','a30af0ce5e07474487c39adab6269d5f',1,5,'Check Fan Bolts Secure','boolean','YES / NO','YES','YES','','',NULL,'2020-07-31 12:57:47',NULL);
INSERT INTO `checklist_item` (`checklist_itemUUID`,`checklist_item_checklistUUID`,`checklist_item_customerUUID`,`checklist_item_statusId`,`checklist_item_sortOrder`,`checklist_item_prompt`,`checklist_item_type`,`checklist_item_optionSetJSON`,`checklist_item_successPrompt`,`checklist_item_successRange`,`checklist_item_createdByUUID`,`checklist_item_updatedByUUID`,`checklist_item_updatedTS`,`checklist_item_createdTS`,`checklist_item_deleteTS`) VALUES ('25369c95e5c44f6e8940584d04a32b02','8090644719c64be4abd2ba78f915bf5d','a30af0ce5e07474487c39adab6269d5f',1,6,'Check Damper Seals Close','boolean','YES / NO','YES','YES','','',NULL,'2020-07-31 12:59:09',NULL);
INSERT INTO `checklist_item` (`checklist_itemUUID`,`checklist_item_checklistUUID`,`checklist_item_customerUUID`,`checklist_item_statusId`,`checklist_item_sortOrder`,`checklist_item_prompt`,`checklist_item_type`,`checklist_item_optionSetJSON`,`checklist_item_successPrompt`,`checklist_item_successRange`,`checklist_item_createdByUUID`,`checklist_item_updatedByUUID`,`checklist_item_updatedTS`,`checklist_item_createdTS`,`checklist_item_deleteTS`) VALUES ('261d9179fa124d48b278b56bc435d6d1','b4cc8af1e61a48f994c6ea5a0ff90542','a30af0ce5e07474487c39adab6269d5f',1,18,'Check Damper Operates','boolean','YES / NO','YES','YES','','',NULL,'2020-07-31 12:58:41',NULL);
INSERT INTO `checklist_item` (`checklist_itemUUID`,`checklist_item_checklistUUID`,`checklist_item_customerUUID`,`checklist_item_statusId`,`checklist_item_sortOrder`,`checklist_item_prompt`,`checklist_item_type`,`checklist_item_optionSetJSON`,`checklist_item_successPrompt`,`checklist_item_successRange`,`checklist_item_createdByUUID`,`checklist_item_updatedByUUID`,`checklist_item_updatedTS`,`checklist_item_createdTS`,`checklist_item_deleteTS`) VALUES ('271e7648baca40c0b5267e26be0b3e12','b4cc8af1e61a48f994c6ea5a0ff90542','a30af0ce5e07474487c39adab6269d5f',1,12,'Check Shoe Position','boolean','YES / NO','YES','YES','','',NULL,'2020-07-31 12:58:15',NULL);
INSERT INTO `checklist_item` (`checklist_itemUUID`,`checklist_item_checklistUUID`,`checklist_item_customerUUID`,`checklist_item_statusId`,`checklist_item_sortOrder`,`checklist_item_prompt`,`checklist_item_type`,`checklist_item_optionSetJSON`,`checklist_item_successPrompt`,`checklist_item_successRange`,`checklist_item_createdByUUID`,`checklist_item_updatedByUUID`,`checklist_item_updatedTS`,`checklist_item_createdTS`,`checklist_item_deleteTS`) VALUES ('275cd350499f4af29072a1b229c0f8a9','b4cc8af1e61a48f994c6ea5a0ff90542','a30af0ce5e07474487c39adab6269d5f',1,9,'Check Humidity Probe Cap is Removed','boolean','YES / NO','YES','YES','','',NULL,'2020-07-31 12:58:04',NULL);
INSERT INTO `checklist_item` (`checklist_itemUUID`,`checklist_item_checklistUUID`,`checklist_item_customerUUID`,`checklist_item_statusId`,`checklist_item_sortOrder`,`checklist_item_prompt`,`checklist_item_type`,`checklist_item_optionSetJSON`,`checklist_item_successPrompt`,`checklist_item_successRange`,`checklist_item_createdByUUID`,`checklist_item_updatedByUUID`,`checklist_item_updatedTS`,`checklist_item_createdTS`,`checklist_item_deleteTS`) VALUES ('3fd4e9704ee34eeca77ad6f926410c61','b4cc8af1e61a48f994c6ea5a0ff90542','a30af0ce5e07474487c39adab6269d5f',1,11,'Check Shoe Height','boolean','YES / NO','YES','YES','','',NULL,'2020-07-31 12:58:12',NULL);
INSERT INTO `checklist_item` (`checklist_itemUUID`,`checklist_item_checklistUUID`,`checklist_item_customerUUID`,`checklist_item_statusId`,`checklist_item_sortOrder`,`checklist_item_prompt`,`checklist_item_type`,`checklist_item_optionSetJSON`,`checklist_item_successPrompt`,`checklist_item_successRange`,`checklist_item_createdByUUID`,`checklist_item_updatedByUUID`,`checklist_item_updatedTS`,`checklist_item_createdTS`,`checklist_item_deleteTS`) VALUES ('40a6a6c2f28d42f592fbf5017227587d','8090644719c64be4abd2ba78f915bf5d','a30af0ce5e07474487c39adab6269d5f',1,12,'Check Cooling Solenoid Operates','boolean','YES / NO','YES','YES','','',NULL,'2020-07-31 12:59:34',NULL);
INSERT INTO `checklist_item` (`checklist_itemUUID`,`checklist_item_checklistUUID`,`checklist_item_customerUUID`,`checklist_item_statusId`,`checklist_item_sortOrder`,`checklist_item_prompt`,`checklist_item_type`,`checklist_item_optionSetJSON`,`checklist_item_successPrompt`,`checklist_item_successRange`,`checklist_item_createdByUUID`,`checklist_item_updatedByUUID`,`checklist_item_updatedTS`,`checklist_item_createdTS`,`checklist_item_deleteTS`) VALUES ('494abcadf519476b95a730cf5c6383b9','8090644719c64be4abd2ba78f915bf5d','a30af0ce5e07474487c39adab6269d5f',1,17,'Fill Cistern / Bottle','boolean','YES / NO','YES','YES','','',NULL,'2020-07-31 12:59:54',NULL);
INSERT INTO `checklist_item` (`checklist_itemUUID`,`checklist_item_checklistUUID`,`checklist_item_customerUUID`,`checklist_item_statusId`,`checklist_item_sortOrder`,`checklist_item_prompt`,`checklist_item_type`,`checklist_item_optionSetJSON`,`checklist_item_successPrompt`,`checklist_item_successRange`,`checklist_item_createdByUUID`,`checklist_item_updatedByUUID`,`checklist_item_updatedTS`,`checklist_item_createdTS`,`checklist_item_deleteTS`) VALUES ('53dd6348e9a745408d3d24cb94ef5482','8090644719c64be4abd2ba78f915bf5d','a30af0ce5e07474487c39adab6269d5f',1,2,'Check Belt Condition','boolean','YES / NO','YES','YES','','',NULL,'2020-07-31 12:58:53',NULL);
INSERT INTO `checklist_item` (`checklist_itemUUID`,`checklist_item_checklistUUID`,`checklist_item_customerUUID`,`checklist_item_statusId`,`checklist_item_sortOrder`,`checklist_item_prompt`,`checklist_item_type`,`checklist_item_optionSetJSON`,`checklist_item_successPrompt`,`checklist_item_successRange`,`checklist_item_createdByUUID`,`checklist_item_updatedByUUID`,`checklist_item_updatedTS`,`checklist_item_createdTS`,`checklist_item_deleteTS`) VALUES ('5a16f97c8b32466a915c937c6b18551d','b4cc8af1e61a48f994c6ea5a0ff90542','a30af0ce5e07474487c39adab6269d5f',1,13,'Check Tray Frame Angle','boolean','Value','-10','YES','','',NULL,'2020-07-31 12:58:19',NULL);
INSERT INTO `checklist_item` (`checklist_itemUUID`,`checklist_item_checklistUUID`,`checklist_item_customerUUID`,`checklist_item_statusId`,`checklist_item_sortOrder`,`checklist_item_prompt`,`checklist_item_type`,`checklist_item_optionSetJSON`,`checklist_item_successPrompt`,`checklist_item_successRange`,`checklist_item_createdByUUID`,`checklist_item_updatedByUUID`,`checklist_item_updatedTS`,`checklist_item_createdTS`,`checklist_item_deleteTS`) VALUES ('5c950fb737984fa28c08313c960339d1','8090644719c64be4abd2ba78f915bf5d','a30af0ce5e07474487c39adab6269d5f',1,3,'Check Belt Alignment','boolean','YES / NO','YES','YES','','',NULL,'2020-07-31 12:58:57',NULL);
INSERT INTO `checklist_item` (`checklist_itemUUID`,`checklist_item_checklistUUID`,`checklist_item_customerUUID`,`checklist_item_statusId`,`checklist_item_sortOrder`,`checklist_item_prompt`,`checklist_item_type`,`checklist_item_optionSetJSON`,`checklist_item_successPrompt`,`checklist_item_successRange`,`checklist_item_createdByUUID`,`checklist_item_updatedByUUID`,`checklist_item_updatedTS`,`checklist_item_createdTS`,`checklist_item_deleteTS`) VALUES ('5fc472793b6641cabc2d1de42ef58aff','b4cc8af1e61a48f994c6ea5a0ff90542','a30af0ce5e07474487c39adab6269d5f',1,3,'Check Belt Alignment','boolean','YES / NO','YES','YES','','',NULL,'2020-07-31 12:57:39',NULL);
INSERT INTO `checklist_item` (`checklist_itemUUID`,`checklist_item_checklistUUID`,`checklist_item_customerUUID`,`checklist_item_statusId`,`checklist_item_sortOrder`,`checklist_item_prompt`,`checklist_item_type`,`checklist_item_optionSetJSON`,`checklist_item_successPrompt`,`checklist_item_successRange`,`checklist_item_createdByUUID`,`checklist_item_updatedByUUID`,`checklist_item_updatedTS`,`checklist_item_createdTS`,`checklist_item_deleteTS`) VALUES ('67f1057962bb409d837574af4c0536b7','aa8ba3cfecda4dc09ad52c0abf670807','a30af0ce5e07474487c39adab6269d5f',1,5,'Check Control cabinet for water ingress','boolean','YES / NO','YES','YES','','',NULL,'2020-07-31 13:00:31',NULL);
INSERT INTO `checklist_item` (`checklist_itemUUID`,`checklist_item_checklistUUID`,`checklist_item_customerUUID`,`checklist_item_statusId`,`checklist_item_sortOrder`,`checklist_item_prompt`,`checklist_item_type`,`checklist_item_optionSetJSON`,`checklist_item_successPrompt`,`checklist_item_successRange`,`checklist_item_createdByUUID`,`checklist_item_updatedByUUID`,`checklist_item_updatedTS`,`checklist_item_createdTS`,`checklist_item_deleteTS`) VALUES ('6d3921608aa74830b15e1b2b89d10cdc','aa8ba3cfecda4dc09ad52c0abf670807','a30af0ce5e07474487c39adab6269d5f',1,3,'Tighten Screws','boolean','YES / NO','YES','YES','','',NULL,'2020-07-31 13:00:23',NULL);
INSERT INTO `checklist_item` (`checklist_itemUUID`,`checklist_item_checklistUUID`,`checklist_item_customerUUID`,`checklist_item_statusId`,`checklist_item_sortOrder`,`checklist_item_prompt`,`checklist_item_type`,`checklist_item_optionSetJSON`,`checklist_item_successPrompt`,`checklist_item_successRange`,`checklist_item_createdByUUID`,`checklist_item_updatedByUUID`,`checklist_item_updatedTS`,`checklist_item_createdTS`,`checklist_item_deleteTS`) VALUES ('6e6ae849f2ff489cb9154f57999b12c5','aa8ba3cfecda4dc09ad52c0abf670807','a30af0ce5e07474487c39adab6269d5f',1,1,'Lubricate Castors with Oil','boolean','YES / NO','YES','YES','','',NULL,'2020-07-31 13:00:15',NULL);
INSERT INTO `checklist_item` (`checklist_itemUUID`,`checklist_item_checklistUUID`,`checklist_item_customerUUID`,`checklist_item_statusId`,`checklist_item_sortOrder`,`checklist_item_prompt`,`checklist_item_type`,`checklist_item_optionSetJSON`,`checklist_item_successPrompt`,`checklist_item_successRange`,`checklist_item_createdByUUID`,`checklist_item_updatedByUUID`,`checklist_item_updatedTS`,`checklist_item_createdTS`,`checklist_item_deleteTS`) VALUES ('6e969b6647754b5f9e8383159b5ff182','aa8ba3cfecda4dc09ad52c0abf670807','a30af0ce5e07474487c39adab6269d5f',1,8,'Check Roof for water leaks','boolean','YES / NO','YES','YES','','',NULL,'2020-07-31 13:00:44',NULL);
INSERT INTO `checklist_item` (`checklist_itemUUID`,`checklist_item_checklistUUID`,`checklist_item_customerUUID`,`checklist_item_statusId`,`checklist_item_sortOrder`,`checklist_item_prompt`,`checklist_item_type`,`checklist_item_optionSetJSON`,`checklist_item_successPrompt`,`checklist_item_successRange`,`checklist_item_createdByUUID`,`checklist_item_updatedByUUID`,`checklist_item_updatedTS`,`checklist_item_createdTS`,`checklist_item_deleteTS`) VALUES ('780b94a20da04fc4b308cb6fbd50c973','aa8ba3cfecda4dc09ad52c0abf670807','a30af0ce5e07474487c39adab6269d5f',1,7,'Check for Damaged hardware','boolean','YES / NO','YES','YES','','',NULL,'2020-07-31 13:00:39',NULL);
INSERT INTO `checklist_item` (`checklist_itemUUID`,`checklist_item_checklistUUID`,`checklist_item_customerUUID`,`checklist_item_statusId`,`checklist_item_sortOrder`,`checklist_item_prompt`,`checklist_item_type`,`checklist_item_optionSetJSON`,`checklist_item_successPrompt`,`checklist_item_successRange`,`checklist_item_createdByUUID`,`checklist_item_updatedByUUID`,`checklist_item_updatedTS`,`checklist_item_createdTS`,`checklist_item_deleteTS`) VALUES ('806cdaaffd3148c28c05a3691e00da9a','8090644719c64be4abd2ba78f915bf5d','a30af0ce5e07474487c39adab6269d5f',1,4,'Check Strainer Condition','boolean','YES / NO','YES','YES','','',NULL,'2020-07-31 12:59:01',NULL);
INSERT INTO `checklist_item` (`checklist_itemUUID`,`checklist_item_checklistUUID`,`checklist_item_customerUUID`,`checklist_item_statusId`,`checklist_item_sortOrder`,`checklist_item_prompt`,`checklist_item_type`,`checklist_item_optionSetJSON`,`checklist_item_successPrompt`,`checklist_item_successRange`,`checklist_item_createdByUUID`,`checklist_item_updatedByUUID`,`checklist_item_updatedTS`,`checklist_item_createdTS`,`checklist_item_deleteTS`) VALUES ('867a151755b8481882e498d4b9a8416e','8090644719c64be4abd2ba78f915bf5d','a30af0ce5e07474487c39adab6269d5f',1,9,'Check Humidity Probe Cap is Removed','boolean','YES / NO','YES','YES','','',NULL,'2020-07-31 12:59:22',NULL);
INSERT INTO `checklist_item` (`checklist_itemUUID`,`checklist_item_checklistUUID`,`checklist_item_customerUUID`,`checklist_item_statusId`,`checklist_item_sortOrder`,`checklist_item_prompt`,`checklist_item_type`,`checklist_item_optionSetJSON`,`checklist_item_successPrompt`,`checklist_item_successRange`,`checklist_item_createdByUUID`,`checklist_item_updatedByUUID`,`checklist_item_updatedTS`,`checklist_item_createdTS`,`checklist_item_deleteTS`) VALUES ('8b0bb7fdecee421aaac6fa999f7eed8d','b4cc8af1e61a48f994c6ea5a0ff90542','a30af0ce5e07474487c39adab6269d5f',1,8,'Check Door Seals','boolean','YES / NO','YES','YES','','',NULL,'2020-07-31 12:58:00',NULL);
INSERT INTO `checklist_item` (`checklist_itemUUID`,`checklist_item_checklistUUID`,`checklist_item_customerUUID`,`checklist_item_statusId`,`checklist_item_sortOrder`,`checklist_item_prompt`,`checklist_item_type`,`checklist_item_optionSetJSON`,`checklist_item_successPrompt`,`checklist_item_successRange`,`checklist_item_createdByUUID`,`checklist_item_updatedByUUID`,`checklist_item_updatedTS`,`checklist_item_createdTS`,`checklist_item_deleteTS`) VALUES ('920f5516a9ce4ae2b398c8bd4819102b','8090644719c64be4abd2ba78f915bf5d','a30af0ce5e07474487c39adab6269d5f',1,11,'Aux Blower','boolean','YES / NO','YES','YES','','',NULL,'2020-07-31 12:59:30',NULL);
INSERT INTO `checklist_item` (`checklist_itemUUID`,`checklist_item_checklistUUID`,`checklist_item_customerUUID`,`checklist_item_statusId`,`checklist_item_sortOrder`,`checklist_item_prompt`,`checklist_item_type`,`checklist_item_optionSetJSON`,`checklist_item_successPrompt`,`checklist_item_successRange`,`checklist_item_createdByUUID`,`checklist_item_updatedByUUID`,`checklist_item_updatedTS`,`checklist_item_createdTS`,`checklist_item_deleteTS`) VALUES ('94bf49b423064511977ba866469ab3d9','8090644719c64be4abd2ba78f915bf5d','a30af0ce5e07474487c39adab6269d5f',1,7,'Check Temp Probe Position(s)','boolean','YES / NO','YES','YES','','',NULL,'2020-07-31 12:59:14',NULL);
INSERT INTO `checklist_item` (`checklist_itemUUID`,`checklist_item_checklistUUID`,`checklist_item_customerUUID`,`checklist_item_statusId`,`checklist_item_sortOrder`,`checklist_item_prompt`,`checklist_item_type`,`checklist_item_optionSetJSON`,`checklist_item_successPrompt`,`checklist_item_successRange`,`checklist_item_createdByUUID`,`checklist_item_updatedByUUID`,`checklist_item_updatedTS`,`checklist_item_createdTS`,`checklist_item_deleteTS`) VALUES ('a15a26efa5674e7c86169dc2329a9fe0','8090644719c64be4abd2ba78f915bf5d','a30af0ce5e07474487c39adab6269d5f',1,1,'Check Belt Tension','boolean','YES / NO','YES','YES','','',NULL,'2020-07-31 12:58:49',NULL);
INSERT INTO `checklist_item` (`checklist_itemUUID`,`checklist_item_checklistUUID`,`checklist_item_customerUUID`,`checklist_item_statusId`,`checklist_item_sortOrder`,`checklist_item_prompt`,`checklist_item_type`,`checklist_item_optionSetJSON`,`checklist_item_successPrompt`,`checklist_item_successRange`,`checklist_item_createdByUUID`,`checklist_item_updatedByUUID`,`checklist_item_updatedTS`,`checklist_item_createdTS`,`checklist_item_deleteTS`) VALUES ('a2c14b554dfa4b0986aa5dd80822bcc4','b4cc8af1e61a48f994c6ea5a0ff90542','a30af0ce5e07474487c39adab6269d5f',1,17,'Check Cooling Solenoid Operates','boolean','YES / NO','YES','YES','','',NULL,'2020-07-31 12:58:37',NULL);
INSERT INTO `checklist_item` (`checklist_itemUUID`,`checklist_item_checklistUUID`,`checklist_item_customerUUID`,`checklist_item_statusId`,`checklist_item_sortOrder`,`checklist_item_prompt`,`checklist_item_type`,`checklist_item_optionSetJSON`,`checklist_item_successPrompt`,`checklist_item_successRange`,`checklist_item_createdByUUID`,`checklist_item_updatedByUUID`,`checklist_item_updatedTS`,`checklist_item_createdTS`,`checklist_item_deleteTS`) VALUES ('a6745ef29df54fa2a7363fb4d2656ae4','b4cc8af1e61a48f994c6ea5a0ff90542','a30af0ce5e07474487c39adab6269d5f',1,10,'Check Crank Arm Condition','boolean','YES / NO','YES','YES','','',NULL,'2020-07-31 12:58:08',NULL);
INSERT INTO `checklist_item` (`checklist_itemUUID`,`checklist_item_checklistUUID`,`checklist_item_customerUUID`,`checklist_item_statusId`,`checklist_item_sortOrder`,`checklist_item_prompt`,`checklist_item_type`,`checklist_item_optionSetJSON`,`checklist_item_successPrompt`,`checklist_item_successRange`,`checklist_item_createdByUUID`,`checklist_item_updatedByUUID`,`checklist_item_updatedTS`,`checklist_item_createdTS`,`checklist_item_deleteTS`) VALUES ('b1552eb512c44475bbfdf9a21e3b877e','2b61b61eb4d141799a9560cccb109f59','a30af0ce5e07474487c39adab6269d5f',1,2,'Enter Current Stage Profile #','Value','Value','Enter Current Value','20-Jan','','',NULL,'2020-07-31 13:00:02',NULL);
INSERT INTO `checklist_item` (`checklist_itemUUID`,`checklist_item_checklistUUID`,`checklist_item_customerUUID`,`checklist_item_statusId`,`checklist_item_sortOrder`,`checklist_item_prompt`,`checklist_item_type`,`checklist_item_optionSetJSON`,`checklist_item_successPrompt`,`checklist_item_successRange`,`checklist_item_createdByUUID`,`checklist_item_updatedByUUID`,`checklist_item_updatedTS`,`checklist_item_createdTS`,`checklist_item_deleteTS`) VALUES ('b4c99f5540534a9c909f56a4a33697a7','8090644719c64be4abd2ba78f915bf5d','a30af0ce5e07474487c39adab6269d5f',1,15,'Check Humidity Spray Operational','boolean','YES / NO','YES','YES','','',NULL,'2020-07-31 12:59:46',NULL);
INSERT INTO `checklist_item` (`checklist_itemUUID`,`checklist_item_checklistUUID`,`checklist_item_customerUUID`,`checklist_item_statusId`,`checklist_item_sortOrder`,`checklist_item_prompt`,`checklist_item_type`,`checklist_item_optionSetJSON`,`checklist_item_successPrompt`,`checklist_item_successRange`,`checklist_item_createdByUUID`,`checklist_item_updatedByUUID`,`checklist_item_updatedTS`,`checklist_item_createdTS`,`checklist_item_deleteTS`) VALUES ('bb8435f07c744aadb479522a44e49d35','b4cc8af1e61a48f994c6ea5a0ff90542','a30af0ce5e07474487c39adab6269d5f',1,16,'Check Hot Water Operational','boolean','YES / NO','YES','YES','','',NULL,'2020-07-31 12:58:32',NULL);
INSERT INTO `checklist_item` (`checklist_itemUUID`,`checklist_item_checklistUUID`,`checklist_item_customerUUID`,`checklist_item_statusId`,`checklist_item_sortOrder`,`checklist_item_prompt`,`checklist_item_type`,`checklist_item_optionSetJSON`,`checklist_item_successPrompt`,`checklist_item_successRange`,`checklist_item_createdByUUID`,`checklist_item_updatedByUUID`,`checklist_item_updatedTS`,`checklist_item_createdTS`,`checklist_item_deleteTS`) VALUES ('bf48aa47dd3c4c348e697085061e485a','8090644719c64be4abd2ba78f915bf5d','a30af0ce5e07474487c39adab6269d5f',1,13,'Check Damper Operates','boolean','YES / NO','YES','YES','','',NULL,'2020-07-31 12:59:38',NULL);
INSERT INTO `checklist_item` (`checklist_itemUUID`,`checklist_item_checklistUUID`,`checklist_item_customerUUID`,`checklist_item_statusId`,`checklist_item_sortOrder`,`checklist_item_prompt`,`checklist_item_type`,`checklist_item_optionSetJSON`,`checklist_item_successPrompt`,`checklist_item_successRange`,`checklist_item_createdByUUID`,`checklist_item_updatedByUUID`,`checklist_item_updatedTS`,`checklist_item_createdTS`,`checklist_item_deleteTS`) VALUES ('c07bc7ad82c84fc7803e03e3e24f62b2','aa8ba3cfecda4dc09ad52c0abf670807','a30af0ce5e07474487c39adab6269d5f',1,6,'Clean Roof','boolean','YES / NO','YES','YES','','',NULL,'2020-07-31 13:00:35',NULL);
INSERT INTO `checklist_item` (`checklist_itemUUID`,`checklist_item_checklistUUID`,`checklist_item_customerUUID`,`checklist_item_statusId`,`checklist_item_sortOrder`,`checklist_item_prompt`,`checklist_item_type`,`checklist_item_optionSetJSON`,`checklist_item_successPrompt`,`checklist_item_successRange`,`checklist_item_createdByUUID`,`checklist_item_updatedByUUID`,`checklist_item_updatedTS`,`checklist_item_createdTS`,`checklist_item_deleteTS`) VALUES ('c44e5b1c1fb244efa0436f66c3522798','8090644719c64be4abd2ba78f915bf5d','a30af0ce5e07474487c39adab6269d5f',1,5,'Check Fan Bolts Secure','boolean','YES / NO','YES','YES','','',NULL,'2020-07-31 12:59:05',NULL);
INSERT INTO `checklist_item` (`checklist_itemUUID`,`checklist_item_checklistUUID`,`checklist_item_customerUUID`,`checklist_item_statusId`,`checklist_item_sortOrder`,`checklist_item_prompt`,`checklist_item_type`,`checklist_item_optionSetJSON`,`checklist_item_successPrompt`,`checklist_item_successRange`,`checklist_item_createdByUUID`,`checklist_item_updatedByUUID`,`checklist_item_updatedTS`,`checklist_item_createdTS`,`checklist_item_deleteTS`) VALUES ('c6e3b482f64d4f4396a7be3253fee49c','8090644719c64be4abd2ba78f915bf5d','a30af0ce5e07474487c39adab6269d5f',1,16,'Check / Replace Wick','boolean','YES / NO','YES','YES','','',NULL,'2020-07-31 12:59:51',NULL);
INSERT INTO `checklist_item` (`checklist_itemUUID`,`checklist_item_checklistUUID`,`checklist_item_customerUUID`,`checklist_item_statusId`,`checklist_item_sortOrder`,`checklist_item_prompt`,`checklist_item_type`,`checklist_item_optionSetJSON`,`checklist_item_successPrompt`,`checklist_item_successRange`,`checklist_item_createdByUUID`,`checklist_item_updatedByUUID`,`checklist_item_updatedTS`,`checklist_item_createdTS`,`checklist_item_deleteTS`) VALUES ('cb583a72f2d748cdbc8fb1d4903e65d0','b4cc8af1e61a48f994c6ea5a0ff90542','a30af0ce5e07474487c39adab6269d5f',1,19,'Check Fan operation','boolean','YES / NO','YES','YES','','',NULL,'2020-07-31 12:58:45',NULL);
INSERT INTO `checklist_item` (`checklist_itemUUID`,`checklist_item_checklistUUID`,`checklist_item_customerUUID`,`checklist_item_statusId`,`checklist_item_sortOrder`,`checklist_item_prompt`,`checklist_item_type`,`checklist_item_optionSetJSON`,`checklist_item_successPrompt`,`checklist_item_successRange`,`checklist_item_createdByUUID`,`checklist_item_updatedByUUID`,`checklist_item_updatedTS`,`checklist_item_createdTS`,`checklist_item_deleteTS`) VALUES ('cbbb5847bbab4b528cb6d21842e81a2a','8090644719c64be4abd2ba78f915bf5d','a30af0ce5e07474487c39adab6269d5f',1,10,'Check Electraic Heating operational','boolean','YES / NO','YES','YES','','',NULL,'2020-07-31 12:59:26',NULL);
INSERT INTO `checklist_item` (`checklist_itemUUID`,`checklist_item_checklistUUID`,`checklist_item_customerUUID`,`checklist_item_statusId`,`checklist_item_sortOrder`,`checklist_item_prompt`,`checklist_item_type`,`checklist_item_optionSetJSON`,`checklist_item_successPrompt`,`checklist_item_successRange`,`checklist_item_createdByUUID`,`checklist_item_updatedByUUID`,`checklist_item_updatedTS`,`checklist_item_createdTS`,`checklist_item_deleteTS`) VALUES ('d63bc4d803c8462ab94c9fc6bb829af2','8090644719c64be4abd2ba78f915bf5d','a30af0ce5e07474487c39adab6269d5f',1,14,'Check Fan operation','boolean','YES / NO','YES','YES','','',NULL,'2020-07-31 12:59:42',NULL);
INSERT INTO `checklist_item` (`checklist_itemUUID`,`checklist_item_checklistUUID`,`checklist_item_customerUUID`,`checklist_item_statusId`,`checklist_item_sortOrder`,`checklist_item_prompt`,`checklist_item_type`,`checklist_item_optionSetJSON`,`checklist_item_successPrompt`,`checklist_item_successRange`,`checklist_item_createdByUUID`,`checklist_item_updatedByUUID`,`checklist_item_updatedTS`,`checklist_item_createdTS`,`checklist_item_deleteTS`) VALUES ('e167310e95664768912e3ce07d0e3935','b4cc8af1e61a48f994c6ea5a0ff90542','a30af0ce5e07474487c39adab6269d5f',1,2,'Check Belt Condition','boolean','YES / NO','YES','YES','','',NULL,'2020-07-31 12:57:35',NULL);
INSERT INTO `checklist_item` (`checklist_itemUUID`,`checklist_item_checklistUUID`,`checklist_item_customerUUID`,`checklist_item_statusId`,`checklist_item_sortOrder`,`checklist_item_prompt`,`checklist_item_type`,`checklist_item_optionSetJSON`,`checklist_item_successPrompt`,`checklist_item_successRange`,`checklist_item_createdByUUID`,`checklist_item_updatedByUUID`,`checklist_item_updatedTS`,`checklist_item_createdTS`,`checklist_item_deleteTS`) VALUES ('e5c4830b3d33451db504b9f8daa3c367','aa8ba3cfecda4dc09ad52c0abf670807','a30af0ce5e07474487c39adab6269d5f',1,4,'Clean Control Cabinet','boolean','YES / NO','YES','YES','','',NULL,'2020-07-31 13:00:27',NULL);
INSERT INTO `checklist_item` (`checklist_itemUUID`,`checklist_item_checklistUUID`,`checklist_item_customerUUID`,`checklist_item_statusId`,`checklist_item_sortOrder`,`checklist_item_prompt`,`checklist_item_type`,`checklist_item_optionSetJSON`,`checklist_item_successPrompt`,`checklist_item_successRange`,`checklist_item_createdByUUID`,`checklist_item_updatedByUUID`,`checklist_item_updatedTS`,`checklist_item_createdTS`,`checklist_item_deleteTS`) VALUES ('e5f10305283140a3aebea8283a9a6a69','b4cc8af1e61a48f994c6ea5a0ff90542','a30af0ce5e07474487c39adab6269d5f',1,14,'Check for Air Leaks','boolean','YES / NO','YES','YES','','',NULL,'2020-07-31 12:58:24',NULL);
INSERT INTO `checklist_item` (`checklist_itemUUID`,`checklist_item_checklistUUID`,`checklist_item_customerUUID`,`checklist_item_statusId`,`checklist_item_sortOrder`,`checklist_item_prompt`,`checklist_item_type`,`checklist_item_optionSetJSON`,`checklist_item_successPrompt`,`checklist_item_successRange`,`checklist_item_createdByUUID`,`checklist_item_updatedByUUID`,`checklist_item_updatedTS`,`checklist_item_createdTS`,`checklist_item_deleteTS`) VALUES ('e9acdb046b5d4adcb63bebb2401ab945','b4cc8af1e61a48f994c6ea5a0ff90542','a30af0ce5e07474487c39adab6269d5f',1,4,'Check Strainer Condition','boolean','YES / NO','YES','YES','','',NULL,'2020-07-31 12:57:44',NULL);
INSERT INTO `checklist_item` (`checklist_itemUUID`,`checklist_item_checklistUUID`,`checklist_item_customerUUID`,`checklist_item_statusId`,`checklist_item_sortOrder`,`checklist_item_prompt`,`checklist_item_type`,`checklist_item_optionSetJSON`,`checklist_item_successPrompt`,`checklist_item_successRange`,`checklist_item_createdByUUID`,`checklist_item_updatedByUUID`,`checklist_item_updatedTS`,`checklist_item_createdTS`,`checklist_item_deleteTS`) VALUES ('ed6a04c03843420db01d039fc6586175','b4cc8af1e61a48f994c6ea5a0ff90542','a30af0ce5e07474487c39adab6269d5f',1,6,'Check Damper Seals Close','boolean','YES / NO','YES','YES','','',NULL,'2020-07-31 12:57:52',NULL);
INSERT INTO `checklist_item` (`checklist_itemUUID`,`checklist_item_checklistUUID`,`checklist_item_customerUUID`,`checklist_item_statusId`,`checklist_item_sortOrder`,`checklist_item_prompt`,`checklist_item_type`,`checklist_item_optionSetJSON`,`checklist_item_successPrompt`,`checklist_item_successRange`,`checklist_item_createdByUUID`,`checklist_item_updatedByUUID`,`checklist_item_updatedTS`,`checklist_item_createdTS`,`checklist_item_deleteTS`) VALUES ('f0bc3131259d45b6a4ec0ef5c15510c0','aa8ba3cfecda4dc09ad52c0abf670807','a30af0ce5e07474487c39adab6269d5f',1,2,'Check for Damage','text','free text','Detail Any Damage','','','',NULL,'2020-07-31 13:00:19',NULL);
INSERT INTO `checklist_item` (`checklist_itemUUID`,`checklist_item_checklistUUID`,`checklist_item_customerUUID`,`checklist_item_statusId`,`checklist_item_sortOrder`,`checklist_item_prompt`,`checklist_item_type`,`checklist_item_optionSetJSON`,`checklist_item_successPrompt`,`checklist_item_successRange`,`checklist_item_createdByUUID`,`checklist_item_updatedByUUID`,`checklist_item_updatedTS`,`checklist_item_createdTS`,`checklist_item_deleteTS`) VALUES ('f8569dbfe28540e6ae4551e9b83f502d','b4cc8af1e61a48f994c6ea5a0ff90542','a30af0ce5e07474487c39adab6269d5f',1,7,'Check Temp Probe Position(s)','boolean','YES / NO','YES','YES','','',NULL,'2020-07-31 12:57:56',NULL);
INSERT INTO `checklist_item` (`checklist_itemUUID`,`checklist_item_checklistUUID`,`checklist_item_customerUUID`,`checklist_item_statusId`,`checklist_item_sortOrder`,`checklist_item_prompt`,`checklist_item_type`,`checklist_item_optionSetJSON`,`checklist_item_successPrompt`,`checklist_item_successRange`,`checklist_item_createdByUUID`,`checklist_item_updatedByUUID`,`checklist_item_updatedTS`,`checklist_item_createdTS`,`checklist_item_deleteTS`) VALUES ('fede275e0b02405e974f7880683a6f2c','2b61b61eb4d141799a9560cccb109f59','a30af0ce5e07474487c39adab6269d5f',1,4,'Machine Temperature','Value','Value','Enter Current Value','25 - 39','','',NULL,'2020-07-31 13:00:11',NULL);

-- ================= Workorders

truncate workorder;

INSERT INTO `workorder` (`workorderUUID`,`workorder_customerUUID`,`workorder_locationUUID`,`workorder_userUUID`,`workorder_groupUUID`,`workorder_assetUUID`,`workorder_checklistUUID`,`workorder_status`,`workorder_type`,`workorder_number`,`workorder_name`,`workorder_details`,`workorder_actions`,`workorder_priority`,`workorder_dueDate`,`workorder_rescheduleDate`,`workorder_completeDate`,`workorder_frequency`,`workorder_frequencyScope`,`workorder_createdByUUID`,`workorder_updatedByUUID`,`workorder_updatedTS`,`workorder_createdTS`,`workorder_deleteTS`) VALUES ('0d59f068ed4c462aaaa23c5acd71e4d6','a30af0ce5e07474487c39adab6269d5f','ffa7e40b89274589b3e41a9ed7a67d0c','36df8a4d8b604745846c783355ea20f6','6862be22132f48948baa61777345aebe','a81deb5b34c24672a2f9d7c8c7d8491d','b4cc8af1e61a48f994c6ea5a0ff90542','PENDING','CHECKLIST','CM-1002','Pre Set Check List','Pre-Checklist','Pre-Checklist','normal','2020-01-01',NULL,NULL,NULL,'','','',NULL,'2020-07-31 14:00:33',NULL);
INSERT INTO `workorder` (`workorderUUID`,`workorder_customerUUID`,`workorder_locationUUID`,`workorder_userUUID`,`workorder_groupUUID`,`workorder_assetUUID`,`workorder_checklistUUID`,`workorder_status`,`workorder_type`,`workorder_number`,`workorder_name`,`workorder_details`,`workorder_actions`,`workorder_priority`,`workorder_dueDate`,`workorder_rescheduleDate`,`workorder_completeDate`,`workorder_frequency`,`workorder_frequencyScope`,`workorder_createdByUUID`,`workorder_updatedByUUID`,`workorder_updatedTS`,`workorder_createdTS`,`workorder_deleteTS`) VALUES ('5ccb1521db2f47948a3284c42deeb347','a30af0ce5e07474487c39adab6269d5f','ffa7e40b89274589b3e41a9ed7a67d0c','','e76dffe8281b494598a3cedbf6ae4ae1','a81deb5b34c24672a2f9d7c8c7d8491d','2b61b61eb4d141799a9560cccb109f59','','CHECKLIST','CM-1003','Daily Check Sheet Due','Daily Check Sheet Due on Setter S3','','normal','2020-01-01',NULL,NULL,1,'DAILY','','',NULL,'2020-07-31 14:00:39',NULL);
INSERT INTO `workorder` (`workorderUUID`,`workorder_customerUUID`,`workorder_locationUUID`,`workorder_userUUID`,`workorder_groupUUID`,`workorder_assetUUID`,`workorder_checklistUUID`,`workorder_status`,`workorder_type`,`workorder_number`,`workorder_name`,`workorder_details`,`workorder_actions`,`workorder_priority`,`workorder_dueDate`,`workorder_rescheduleDate`,`workorder_completeDate`,`workorder_frequency`,`workorder_frequencyScope`,`workorder_createdByUUID`,`workorder_updatedByUUID`,`workorder_updatedTS`,`workorder_createdTS`,`workorder_deleteTS`) VALUES ('b4bcdde4b22245d5ab97c9a299d774f1','a30af0ce5e07474487c39adab6269d5f','ffa7e40b89274589b3e41a9ed7a67d0c','51092d4b052c4e3280b68a9f81e67efd','6862be22132f48948baa61777345aebe','a81deb5b34c24672a2f9d7c8c7d8491d','','Assigned','workorder','CM-1001','Replace Heater Element','Replace Heater Element on S3','','high','2020-01-01',NULL,NULL,NULL,'','','',NULL,'2020-07-31 14:00:27',NULL);

truncate workorder_template;

INSERT INTO `workorder_template` (`workorder_templateUUID`,`workorder_template_customerUUID`,`workorder_template_locationUUID`,`workorder_template_userUUID`,`workorder_template_groupUUID`,`workorder_template_assetUUID`,`workorder_template_checklistUUID`,`workorder_type`,`workorder_template_name`,`workorder_template_details`,`workorder_template_actions`,`workorder_template_priority`,`workorder_template_frequency`,`workorder_template_frequencyScope`,`workorder_createdByUUID`,`workorder_updatedByUUID`,`workorder_updatedTS`,`workorder_createdTS`,`workorder_deleteTS`) VALUES ('ca2ce16ee3aa430ca310f1e018313104','983bc6bf193743adbf7026d3c60f6fe6',NULL,'','MAINT group','{1,2}','','equipment,vehicle,general','Temperature Calibration','Calibrate the Temperature probes in the machine for all zones','','normal',6,'','','',NULL,'2020-07-31 14:15:38',NULL);
INSERT INTO `workorder_template` (`workorder_templateUUID`,`workorder_template_customerUUID`,`workorder_template_locationUUID`,`workorder_template_userUUID`,`workorder_template_groupUUID`,`workorder_template_assetUUID`,`workorder_template_checklistUUID`,`workorder_type`,`workorder_template_name`,`workorder_template_details`,`workorder_template_actions`,`workorder_template_priority`,`workorder_template_frequency`,`workorder_template_frequencyScope`,`workorder_createdByUUID`,`workorder_updatedByUUID`,`workorder_updatedTS`,`workorder_createdTS`,`workorder_deleteTS`) VALUES ('ca4ce16ee3aa430ca310f1e018313104','983bc6bf193743adbf7026d3c60f6fe6',NULL,'','MAINT group','{1,2}','','equipment,vehicle,general','Grease Fan Bearings','Lubricate all Fan Bearings','','normal',3,'','','',NULL,'2020-07-31 14:15:33',NULL);
INSERT INTO `workorder_template` (`workorder_templateUUID`,`workorder_template_customerUUID`,`workorder_template_locationUUID`,`workorder_template_userUUID`,`workorder_template_groupUUID`,`workorder_template_assetUUID`,`workorder_template_checklistUUID`,`workorder_type`,`workorder_template_name`,`workorder_template_details`,`workorder_template_actions`,`workorder_template_priority`,`workorder_template_frequency`,`workorder_template_frequencyScope`,`workorder_createdByUUID`,`workorder_updatedByUUID`,`workorder_updatedTS`,`workorder_createdTS`,`workorder_deleteTS`) VALUES ('cac369f1e6444b458794fcf4c5d3f8ca','983bc6bf193743adbf7026d3c60f6fe6',NULL,'','MAINT group','{1,2}','','equipment,vehicle,general','Fan Belt Replacement','Replace The Main Belt on all fans in the machine','','normal',12,'','','',NULL,'2020-07-31 14:15:29',NULL);

truncate workorder_asset_part_join;

INSERT INTO `workorder_asset_part_join` (`wapj_workorderUUID`,`wapj_asset_partUUID`,`wapj_quantity`,`wapj_createdTS`) VALUES ('1','1',1,'2020-07-31 14:19:00');

-- ======================== Maestro Event

truncate maestro_event;

INSERT INTO `maestro_event` (`maestro_eventUUID`,`maestro_event_customerUUID`,`maestro_event_statusId`,`maestro_event_type`,`maestro_event_description`,`maestro_event_createdByUUID`,`maestro_event_acknowledgedByUUID`,`maestro_event_acknowledgedTS`,`maestro_event_createdTS`,`maestro_event_deleteTS`) VALUES ('1','983bc6bf193743adbf7026d3c60f6fe6',1,'ALARM',NULL,'',NULL,NULL,'2020-07-31 14:28:41',NULL);
INSERT INTO `maestro_event` (`maestro_eventUUID`,`maestro_event_customerUUID`,`maestro_event_statusId`,`maestro_event_type`,`maestro_event_description`,`maestro_event_createdByUUID`,`maestro_event_acknowledgedByUUID`,`maestro_event_acknowledgedTS`,`maestro_event_createdTS`,`maestro_event_deleteTS`) VALUES ('10','983bc6bf193743adbf7026d3c60f6fe6',1,'SYSTEM',NULL,'',NULL,NULL,'2020-07-31 14:28:55',NULL);
INSERT INTO `maestro_event` (`maestro_eventUUID`,`maestro_event_customerUUID`,`maestro_event_statusId`,`maestro_event_type`,`maestro_event_description`,`maestro_event_createdByUUID`,`maestro_event_acknowledgedByUUID`,`maestro_event_acknowledgedTS`,`maestro_event_createdTS`,`maestro_event_deleteTS`) VALUES ('11','983bc6bf193743adbf7026d3c60f6fe6',1,'SYSTEM',NULL,'',NULL,NULL,'2020-07-31 14:28:56',NULL);
INSERT INTO `maestro_event` (`maestro_eventUUID`,`maestro_event_customerUUID`,`maestro_event_statusId`,`maestro_event_type`,`maestro_event_description`,`maestro_event_createdByUUID`,`maestro_event_acknowledgedByUUID`,`maestro_event_acknowledgedTS`,`maestro_event_createdTS`,`maestro_event_deleteTS`) VALUES ('12','983bc6bf193743adbf7026d3c60f6fe6',1,'SYSTEM',NULL,'',NULL,NULL,'2020-07-31 14:28:58',NULL);
INSERT INTO `maestro_event` (`maestro_eventUUID`,`maestro_event_customerUUID`,`maestro_event_statusId`,`maestro_event_type`,`maestro_event_description`,`maestro_event_createdByUUID`,`maestro_event_acknowledgedByUUID`,`maestro_event_acknowledgedTS`,`maestro_event_createdTS`,`maestro_event_deleteTS`) VALUES ('13','983bc6bf193743adbf7026d3c60f6fe6',1,'SYSTEM',NULL,'',NULL,NULL,'2020-07-31 14:28:59',NULL);
INSERT INTO `maestro_event` (`maestro_eventUUID`,`maestro_event_customerUUID`,`maestro_event_statusId`,`maestro_event_type`,`maestro_event_description`,`maestro_event_createdByUUID`,`maestro_event_acknowledgedByUUID`,`maestro_event_acknowledgedTS`,`maestro_event_createdTS`,`maestro_event_deleteTS`) VALUES ('14','983bc6bf193743adbf7026d3c60f6fe6',1,'SYSTEM',NULL,'',NULL,NULL,'2020-07-31 14:29:01',NULL);
INSERT INTO `maestro_event` (`maestro_eventUUID`,`maestro_event_customerUUID`,`maestro_event_statusId`,`maestro_event_type`,`maestro_event_description`,`maestro_event_createdByUUID`,`maestro_event_acknowledgedByUUID`,`maestro_event_acknowledgedTS`,`maestro_event_createdTS`,`maestro_event_deleteTS`) VALUES ('15','983bc6bf193743adbf7026d3c60f6fe6',1,'SYSTEM',NULL,'',NULL,NULL,'2020-07-31 14:29:02',NULL);
INSERT INTO `maestro_event` (`maestro_eventUUID`,`maestro_event_customerUUID`,`maestro_event_statusId`,`maestro_event_type`,`maestro_event_description`,`maestro_event_createdByUUID`,`maestro_event_acknowledgedByUUID`,`maestro_event_acknowledgedTS`,`maestro_event_createdTS`,`maestro_event_deleteTS`) VALUES ('16','983bc6bf193743adbf7026d3c60f6fe6',1,'SYSTEM',NULL,'',NULL,NULL,'2020-07-31 14:29:04',NULL);
INSERT INTO `maestro_event` (`maestro_eventUUID`,`maestro_event_customerUUID`,`maestro_event_statusId`,`maestro_event_type`,`maestro_event_description`,`maestro_event_createdByUUID`,`maestro_event_acknowledgedByUUID`,`maestro_event_acknowledgedTS`,`maestro_event_createdTS`,`maestro_event_deleteTS`) VALUES ('2','983bc6bf193743adbf7026d3c60f6fe6',1,'ALARM',NULL,'',NULL,NULL,'2020-07-31 14:28:42',NULL);
INSERT INTO `maestro_event` (`maestro_eventUUID`,`maestro_event_customerUUID`,`maestro_event_statusId`,`maestro_event_type`,`maestro_event_description`,`maestro_event_createdByUUID`,`maestro_event_acknowledgedByUUID`,`maestro_event_acknowledgedTS`,`maestro_event_createdTS`,`maestro_event_deleteTS`) VALUES ('3','983bc6bf193743adbf7026d3c60f6fe6',1,'ALARM',NULL,'',NULL,NULL,'2020-07-31 14:28:44',NULL);
INSERT INTO `maestro_event` (`maestro_eventUUID`,`maestro_event_customerUUID`,`maestro_event_statusId`,`maestro_event_type`,`maestro_event_description`,`maestro_event_createdByUUID`,`maestro_event_acknowledgedByUUID`,`maestro_event_acknowledgedTS`,`maestro_event_createdTS`,`maestro_event_deleteTS`) VALUES ('4','983bc6bf193743adbf7026d3c60f6fe6',1,'ALARM',NULL,'',NULL,NULL,'2020-07-31 14:28:45',NULL);
INSERT INTO `maestro_event` (`maestro_eventUUID`,`maestro_event_customerUUID`,`maestro_event_statusId`,`maestro_event_type`,`maestro_event_description`,`maestro_event_createdByUUID`,`maestro_event_acknowledgedByUUID`,`maestro_event_acknowledgedTS`,`maestro_event_createdTS`,`maestro_event_deleteTS`) VALUES ('5','983bc6bf193743adbf7026d3c60f6fe6',1,'ALARM',NULL,'',NULL,NULL,'2020-07-31 14:28:47',NULL);
INSERT INTO `maestro_event` (`maestro_eventUUID`,`maestro_event_customerUUID`,`maestro_event_statusId`,`maestro_event_type`,`maestro_event_description`,`maestro_event_createdByUUID`,`maestro_event_acknowledgedByUUID`,`maestro_event_acknowledgedTS`,`maestro_event_createdTS`,`maestro_event_deleteTS`) VALUES ('6','983bc6bf193743adbf7026d3c60f6fe6',1,'ALARM',NULL,'',NULL,NULL,'2020-07-31 14:28:48',NULL);
INSERT INTO `maestro_event` (`maestro_eventUUID`,`maestro_event_customerUUID`,`maestro_event_statusId`,`maestro_event_type`,`maestro_event_description`,`maestro_event_createdByUUID`,`maestro_event_acknowledgedByUUID`,`maestro_event_acknowledgedTS`,`maestro_event_createdTS`,`maestro_event_deleteTS`) VALUES ('7','983bc6bf193743adbf7026d3c60f6fe6',1,'ALARM',NULL,'',NULL,NULL,'2020-07-31 14:28:50',NULL);
INSERT INTO `maestro_event` (`maestro_eventUUID`,`maestro_event_customerUUID`,`maestro_event_statusId`,`maestro_event_type`,`maestro_event_description`,`maestro_event_createdByUUID`,`maestro_event_acknowledgedByUUID`,`maestro_event_acknowledgedTS`,`maestro_event_createdTS`,`maestro_event_deleteTS`) VALUES ('8','983bc6bf193743adbf7026d3c60f6fe6',1,'ALARM',NULL,'',NULL,NULL,'2020-07-31 14:28:51',NULL);
INSERT INTO `maestro_event` (`maestro_eventUUID`,`maestro_event_customerUUID`,`maestro_event_statusId`,`maestro_event_type`,`maestro_event_description`,`maestro_event_createdByUUID`,`maestro_event_acknowledgedByUUID`,`maestro_event_acknowledgedTS`,`maestro_event_createdTS`,`maestro_event_deleteTS`) VALUES ('9','983bc6bf193743adbf7026d3c60f6fe6',1,'ALARM',NULL,'',NULL,NULL,'2020-07-31 14:28:53',NULL);

-- ==== part_template master sheet

truncate part_template;		
INSERT INTO part_template (`part_sku`,`part_statusId`,`part_name`,`part_shortName`,`part_brandId`,`part_imageURL`,`part_imageThumbURL`,`part_hotSpotJSON`,`part_isPurchasable`,`part_diagnosticUUID`,`part_magentoUUID`,`part_vendor`,`part_createdByUUID`,`part_acknowledgedByUUID`,`part_updatedTS`,`part_createdTS`,`part_deleteTS`) VALUES ('000A-12-4671',1,'KIT 90M PLSTC TRY CONV H\'WARE',NULL,NULL,'',NULL,NULL,1,NULL,'',NULL,NULL,NULL,NULL,'2020-07-27 13:05:34',NULL);		
INSERT INTO part_template (`part_sku`,`part_statusId`,`part_name`,`part_shortName`,`part_brandId`,`part_imageURL`,`part_imageThumbURL`,`part_hotSpotJSON`,`part_isPurchasable`,`part_diagnosticUUID`,`part_magentoUUID`,`part_vendor`,`part_createdByUUID`,`part_acknowledgedByUUID`,`part_updatedTS`,`part_createdTS`,`part_deleteTS`) VALUES ('000A-13-4671',1,'CA 96M PLSTC TRY CONV H\'WARE            ',NULL,NULL,'',NULL,NULL,1,NULL,'',NULL,NULL,NULL,NULL,'2020-07-27 13:05:34',NULL);		
INSERT INTO part_template (`part_sku`,`part_statusId`,`part_name`,`part_shortName`,`part_brandId`,`part_imageURL`,`part_imageThumbURL`,`part_hotSpotJSON`,`part_isPurchasable`,`part_diagnosticUUID`,`part_magentoUUID`,`part_vendor`,`part_createdByUUID`,`part_acknowledgedByUUID`,`part_updatedTS`,`part_createdTS`,`part_deleteTS`) VALUES ('000A-14-4671',1,'CA 60L PLSTC TRY CONV H\'WARE            ',NULL,NULL,'',NULL,NULL,1,NULL,'',NULL,NULL,NULL,NULL,'2020-07-27 13:05:35',NULL);		
INSERT INTO part_template (`part_sku`,`part_statusId`,`part_name`,`part_shortName`,`part_brandId`,`part_imageURL`,`part_imageThumbURL`,`part_hotSpotJSON`,`part_isPurchasable`,`part_diagnosticUUID`,`part_magentoUUID`,`part_vendor`,`part_createdByUUID`,`part_acknowledgedByUUID`,`part_updatedTS`,`part_createdTS`,`part_deleteTS`) VALUES ('000D-12-4372',1,'CA 60VFS TO VFP CONV H\'WARE             ',NULL,NULL,'',NULL,NULL,1,NULL,'',NULL,NULL,NULL,NULL,'2020-07-27 13:05:35',NULL);		
INSERT INTO part_template (`part_sku`,`part_statusId`,`part_name`,`part_shortName`,`part_brandId`,`part_imageURL`,`part_imageThumbURL`,`part_hotSpotJSON`,`part_isPurchasable`,`part_diagnosticUUID`,`part_magentoUUID`,`part_vendor`,`part_createdByUUID`,`part_acknowledgedByUUID`,`part_updatedTS`,`part_createdTS`,`part_deleteTS`) VALUES ('000D-13-4372',1,'CA 90/96VFS TO VFP CONV H\'WARE          ',NULL,NULL,'',NULL,NULL,1,NULL,'',NULL,NULL,NULL,NULL,'2020-07-27 13:05:35',NULL);		
INSERT INTO part_template (`part_sku`,`part_statusId`,`part_name`,`part_shortName`,`part_brandId`,`part_imageURL`,`part_imageThumbURL`,`part_hotSpotJSON`,`part_isPurchasable`,`part_diagnosticUUID`,`part_magentoUUID`,`part_vendor`,`part_createdByUUID`,`part_acknowledgedByUUID`,`part_updatedTS`,`part_createdTS`,`part_deleteTS`) VALUES ('002B-03-4360',1,'BRKT FRMD HAT PROBE SPPRT AL            ',NULL,NULL,'',NULL,NULL,1,NULL,'',NULL,NULL,NULL,NULL,'2020-07-27 13:05:36',NULL);		
INSERT INTO part_template (`part_sku`,`part_statusId`,`part_name`,`part_shortName`,`part_brandId`,`part_imageURL`,`part_imageThumbURL`,`part_hotSpotJSON`,`part_isPurchasable`,`part_diagnosticUUID`,`part_magentoUUID`,`part_vendor`,`part_createdByUUID`,`part_acknowledgedByUUID`,`part_updatedTS`,`part_createdTS`,`part_deleteTS`) VALUES ('002B-04-4360',1,'BRKT E&A HAT PROBE SPPRT AL             ',NULL,NULL,'',NULL,NULL,1,NULL,'',NULL,NULL,NULL,NULL,'2020-07-27 13:05:36',NULL);		
INSERT INTO part_template (`part_sku`,`part_statusId`,`part_name`,`part_shortName`,`part_brandId`,`part_imageURL`,`part_imageThumbURL`,`part_hotSpotJSON`,`part_isPurchasable`,`part_diagnosticUUID`,`part_magentoUUID`,`part_vendor`,`part_createdByUUID`,`part_acknowledgedByUUID`,`part_updatedTS`,`part_createdTS`,`part_deleteTS`) VALUES ('002B-06-4360',1,'PL E&A A .12 1.00 4.87 BACK             ',NULL,NULL,'parts.chickmaster.com/media/catalog/product/0/0/002b-06-4360a.jpg',NULL,NULL,1,NULL,'6938',NULL,NULL,NULL,NULL,'2020-07-27 13:05:36',NULL);		
INSERT INTO part_template (`part_sku`,`part_statusId`,`part_name`,`part_shortName`,`part_brandId`,`part_imageURL`,`part_imageThumbURL`,`part_hotSpotJSON`,`part_isPurchasable`,`part_diagnosticUUID`,`part_magentoUUID`,`part_vendor`,`part_createdByUUID`,`part_acknowledgedByUUID`,`part_updatedTS`,`part_createdTS`,`part_deleteTS`) VALUES ('003568F',1,'GAS REGULATOR                           ',NULL,NULL,'',NULL,NULL,1,NULL,'',NULL,NULL,NULL,NULL,'2020-07-27 13:05:37',NULL);		
INSERT INTO part_template (`part_sku`,`part_statusId`,`part_name`,`part_shortName`,`part_brandId`,`part_imageURL`,`part_imageThumbURL`,`part_hotSpotJSON`,`part_isPurchasable`,`part_diagnosticUUID`,`part_magentoUUID`,`part_vendor`,`part_createdByUUID`,`part_acknowledgedByUUID`,`part_updatedTS`,`part_createdTS`,`part_deleteTS`) VALUES ('004300AU',1,'EGG LIFTER SYSTEM NO TABLE/LIF          ',NULL,NULL,'',NULL,NULL,1,NULL,'',NULL,NULL,NULL,NULL,'2020-07-27 13:05:37',NULL);		
INSERT INTO part_template (`part_sku`,`part_statusId`,`part_name`,`part_shortName`,`part_brandId`,`part_imageURL`,`part_imageThumbURL`,`part_hotSpotJSON`,`part_isPurchasable`,`part_diagnosticUUID`,`part_magentoUUID`,`part_vendor`,`part_createdByUUID`,`part_acknowledgedByUUID`,`part_updatedTS`,`part_createdTS`,`part_deleteTS`) VALUES ('004301AU',1,'EGG LIFTER SYSTEM                       ',NULL,NULL,'',NULL,NULL,1,NULL,'',NULL,NULL,NULL,NULL,'2020-07-27 13:05:37',NULL);		
INSERT INTO part_template (`part_sku`,`part_statusId`,`part_name`,`part_shortName`,`part_brandId`,`part_imageURL`,`part_imageThumbURL`,`part_hotSpotJSON`,`part_isPurchasable`,`part_diagnosticUUID`,`part_magentoUUID`,`part_vendor`,`part_createdByUUID`,`part_acknowledgedByUUID`,`part_updatedTS`,`part_createdTS`,`part_deleteTS`) VALUES ('004341AU',1,'EGG LIFTER HEAD, 30 EGG STNDRD          ',NULL,NULL,'',NULL,NULL,1,NULL,'',NULL,NULL,NULL,NULL,'2020-07-27 13:05:37',NULL);		
INSERT INTO part_template (`part_sku`,`part_statusId`,`part_name`,`part_shortName`,`part_brandId`,`part_imageURL`,`part_imageThumbURL`,`part_hotSpotJSON`,`part_isPurchasable`,`part_diagnosticUUID`,`part_magentoUUID`,`part_vendor`,`part_createdByUUID`,`part_acknowledgedByUUID`,`part_updatedTS`,`part_createdTS`,`part_deleteTS`) VALUES ('004A-02-4365',1,'A ROD 0.37 DIA 144                      ',NULL,NULL,'',NULL,NULL,1,NULL,'',NULL,NULL,NULL,NULL,'2020-07-27 13:05:38',NULL);		
INSERT INTO part_template (`part_sku`,`part_statusId`,`part_name`,`part_shortName`,`part_brandId`,`part_imageURL`,`part_imageThumbURL`,`part_hotSpotJSON`,`part_isPurchasable`,`part_diagnosticUUID`,`part_magentoUUID`,`part_vendor`,`part_createdByUUID`,`part_acknowledgedByUUID`,`part_updatedTS`,`part_createdTS`,`part_deleteTS`) VALUES ('004A-03-4365',1,'A ROD 0.18 DIA 144.00                   ',NULL,NULL,'',NULL,NULL,1,NULL,'',NULL,NULL,NULL,NULL,'2020-07-27 13:05:38',NULL);		
INSERT INTO part_template (`part_sku`,`part_statusId`,`part_name`,`part_shortName`,`part_brandId`,`part_imageURL`,`part_imageThumbURL`,`part_hotSpotJSON`,`part_isPurchasable`,`part_diagnosticUUID`,`part_magentoUUID`,`part_vendor`,`part_createdByUUID`,`part_acknowledgedByUUID`,`part_updatedTS`,`part_createdTS`,`part_deleteTS`) VALUES ('004A-04-4076',1,'A SHT .03 48.00 100.00 RIBBED           ',NULL,NULL,'',NULL,NULL,1,NULL,'',NULL,NULL,NULL,NULL,'2020-07-27 13:05:38',NULL);		
INSERT INTO part_template (`part_sku`,`part_statusId`,`part_name`,`part_shortName`,`part_brandId`,`part_imageURL`,`part_imageThumbURL`,`part_hotSpotJSON`,`part_isPurchasable`,`part_diagnosticUUID`,`part_magentoUUID`,`part_vendor`,`part_createdByUUID`,`part_acknowledgedByUUID`,`part_updatedTS`,`part_createdTS`,`part_deleteTS`) VALUES ('004A-04-4365',1,'A ROD 1.00 DIA 036.00',NULL,NULL,'',NULL,NULL,1,NULL,'',NULL,NULL,NULL,NULL,'2020-07-27 13:05:39',NULL);		
INSERT INTO part_template (`part_sku`,`part_statusId`,`part_name`,`part_shortName`,`part_brandId`,`part_imageURL`,`part_imageThumbURL`,`part_hotSpotJSON`,`part_isPurchasable`,`part_diagnosticUUID`,`part_magentoUUID`,`part_vendor`,`part_createdByUUID`,`part_acknowledgedByUUID`,`part_updatedTS`,`part_createdTS`,`part_deleteTS`) VALUES ('004B-01-4085',1,'A SHT .02 36.00 096.00                  ',NULL,NULL,'',NULL,NULL,1,NULL,'',NULL,NULL,NULL,NULL,'2020-07-27 13:05:39',NULL);		
INSERT INTO part_template (`part_sku`,`part_statusId`,`part_name`,`part_shortName`,`part_brandId`,`part_imageURL`,`part_imageThumbURL`,`part_hotSpotJSON`,`part_isPurchasable`,`part_diagnosticUUID`,`part_magentoUUID`,`part_vendor`,`part_createdByUUID`,`part_acknowledgedByUUID`,`part_updatedTS`,`part_createdTS`,`part_deleteTS`) VALUES ('004B-03-4085',1,'A SHT .02 43.25 096.00                  ',NULL,NULL,'',NULL,NULL,1,NULL,'',NULL,NULL,NULL,NULL,'2020-07-27 13:05:39',NULL);		
INSERT INTO part_template (`part_sku`,`part_statusId`,`part_name`,`part_shortName`,`part_brandId`,`part_imageURL`,`part_imageThumbURL`,`part_hotSpotJSON`,`part_isPurchasable`,`part_diagnosticUUID`,`part_magentoUUID`,`part_vendor`,`part_createdByUUID`,`part_acknowledgedByUUID`,`part_updatedTS`,`part_createdTS`,`part_deleteTS`) VALUES ('004B-05-4085',1,'A SHT .02 43.25 144.00                  ',NULL,NULL,'',NULL,NULL,1,NULL,'',NULL,NULL,NULL,NULL,'2020-07-27 13:05:40',NULL);		
INSERT INTO part_template (`part_sku`,`part_statusId`,`part_name`,`part_shortName`,`part_brandId`,`part_imageURL`,`part_imageThumbURL`,`part_hotSpotJSON`,`part_isPurchasable`,`part_diagnosticUUID`,`part_magentoUUID`,`part_vendor`,`part_createdByUUID`,`part_acknowledgedByUUID`,`part_updatedTS`,`part_createdTS`,`part_deleteTS`) VALUES ('004B-07-4085',1,'A SHT .02 48.00 096.00                  ',NULL,NULL,'',NULL,NULL,1,NULL,'',NULL,NULL,NULL,NULL,'2020-07-27 13:05:40',NULL);		
INSERT INTO part_template (`part_sku`,`part_statusId`,`part_name`,`part_shortName`,`part_brandId`,`part_imageURL`,`part_imageThumbURL`,`part_hotSpotJSON`,`part_isPurchasable`,`part_diagnosticUUID`,`part_magentoUUID`,`part_vendor`,`part_createdByUUID`,`part_acknowledgedByUUID`,`part_updatedTS`,`part_createdTS`,`part_deleteTS`) VALUES ('004B-19-4085',1,'A SHT .025 48.00 096.00                 ',NULL,NULL,'',NULL,NULL,1,NULL,'',NULL,NULL,NULL,NULL,'2020-07-27 13:05:40',NULL);		
INSERT INTO part_template (`part_sku`,`part_statusId`,`part_name`,`part_shortName`,`part_brandId`,`part_imageURL`,`part_imageThumbURL`,`part_hotSpotJSON`,`part_isPurchasable`,`part_diagnosticUUID`,`part_magentoUUID`,`part_vendor`,`part_createdByUUID`,`part_acknowledgedByUUID`,`part_updatedTS`,`part_createdTS`,`part_deleteTS`) VALUES ('004B-25-4085',1,'A SHT .02 48.00 120.00                  ',NULL,NULL,'',NULL,NULL,1,NULL,'',NULL,NULL,NULL,NULL,'2020-07-27 13:05:41',NULL);		
INSERT INTO part_template (`part_sku`,`part_statusId`,`part_name`,`part_shortName`,`part_brandId`,`part_imageURL`,`part_imageThumbURL`,`part_hotSpotJSON`,`part_isPurchasable`,`part_diagnosticUUID`,`part_magentoUUID`,`part_vendor`,`part_createdByUUID`,`part_acknowledgedByUUID`,`part_updatedTS`,`part_createdTS`,`part_deleteTS`) VALUES ('004B-26-4085',1,'A SHT .02 48.00 144.00                  ',NULL,NULL,'',NULL,NULL,1,NULL,'',NULL,NULL,NULL,NULL,'2020-07-27 13:05:41',NULL);		
INSERT INTO part_template (`part_sku`,`part_statusId`,`part_name`,`part_shortName`,`part_brandId`,`part_imageURL`,`part_imageThumbURL`,`part_hotSpotJSON`,`part_isPurchasable`,`part_diagnosticUUID`,`part_magentoUUID`,`part_vendor`,`part_createdByUUID`,`part_acknowledgedByUUID`,`part_updatedTS`,`part_createdTS`,`part_deleteTS`) VALUES ('004B-33-4085',1,'A SHT .03 36.00 096.00                  ',NULL,NULL,'',NULL,NULL,1,NULL,'',NULL,NULL,NULL,NULL,'2020-07-27 13:05:42',NULL);		
INSERT INTO part_template (`part_sku`,`part_statusId`,`part_name`,`part_shortName`,`part_brandId`,`part_imageURL`,`part_imageThumbURL`,`part_hotSpotJSON`,`part_isPurchasable`,`part_diagnosticUUID`,`part_magentoUUID`,`part_vendor`,`part_createdByUUID`,`part_acknowledgedByUUID`,`part_updatedTS`,`part_createdTS`,`part_deleteTS`) VALUES ('004B-34-4085',1,'A SHT .03 48.00 096.00                  ',NULL,NULL,'',NULL,NULL,1,NULL,'',NULL,NULL,NULL,NULL,'2020-07-27 13:05:42',NULL);		
INSERT INTO part_template (`part_sku`,`part_statusId`,`part_name`,`part_shortName`,`part_brandId`,`part_imageURL`,`part_imageThumbURL`,`part_hotSpotJSON`,`part_isPurchasable`,`part_diagnosticUUID`,`part_magentoUUID`,`part_vendor`,`part_createdByUUID`,`part_acknowledgedByUUID`,`part_updatedTS`,`part_createdTS`,`part_deleteTS`) VALUES ('004B-38-4085',1,'A SHT .03 48.00 120.00                  ',NULL,NULL,'',NULL,NULL,1,NULL,'',NULL,NULL,NULL,NULL,'2020-07-27 13:05:42',NULL);		
INSERT INTO part_template (`part_sku`,`part_statusId`,`part_name`,`part_shortName`,`part_brandId`,`part_imageURL`,`part_imageThumbURL`,`part_hotSpotJSON`,`part_isPurchasable`,`part_diagnosticUUID`,`part_magentoUUID`,`part_vendor`,`part_createdByUUID`,`part_acknowledgedByUUID`,`part_updatedTS`,`part_createdTS`,`part_deleteTS`) VALUES ('004B-42-4085',1,'A SHT .03 48.00 120.00 E&A              ',NULL,NULL,'',NULL,NULL,1,NULL,'',NULL,NULL,NULL,NULL,'2020-07-27 13:05:44',NULL);		
INSERT INTO part_template (`part_sku`,`part_statusId`,`part_name`,`part_shortName`,`part_brandId`,`part_imageURL`,`part_imageThumbURL`,`part_hotSpotJSON`,`part_isPurchasable`,`part_diagnosticUUID`,`part_magentoUUID`,`part_vendor`,`part_createdByUUID`,`part_acknowledgedByUUID`,`part_updatedTS`,`part_createdTS`,`part_deleteTS`) VALUES ('004B-47-4085',1,'A SHT .06 60.00 144.00 PC1S             ',NULL,NULL,'',NULL,NULL,1,NULL,'',NULL,NULL,NULL,NULL,'2020-07-27 13:05:44',NULL);		
INSERT INTO part_template (`part_sku`,`part_statusId`,`part_name`,`part_shortName`,`part_brandId`,`part_imageURL`,`part_imageThumbURL`,`part_hotSpotJSON`,`part_isPurchasable`,`part_diagnosticUUID`,`part_magentoUUID`,`part_vendor`,`part_createdByUUID`,`part_acknowledgedByUUID`,`part_updatedTS`,`part_createdTS`,`part_deleteTS`) VALUES ('004B-48-4085',1,'A SHT .06 60.00 144.00                  ',NULL,NULL,'',NULL,NULL,1,NULL,'',NULL,NULL,NULL,NULL,'2020-07-27 13:05:44',NULL);		
INSERT INTO part_template (`part_sku`,`part_statusId`,`part_name`,`part_shortName`,`part_brandId`,`part_imageURL`,`part_imageThumbURL`,`part_hotSpotJSON`,`part_isPurchasable`,`part_diagnosticUUID`,`part_magentoUUID`,`part_vendor`,`part_createdByUUID`,`part_acknowledgedByUUID`,`part_updatedTS`,`part_createdTS`,`part_deleteTS`) VALUES ('004B-49-4085',1,'A SHT .06 36.00 96.00                   ',NULL,NULL,'',NULL,NULL,1,NULL,'',NULL,NULL,NULL,NULL,'2020-07-27 13:05:45',NULL);		
INSERT INTO part_template (`part_sku`,`part_statusId`,`part_name`,`part_shortName`,`part_brandId`,`part_imageURL`,`part_imageThumbURL`,`part_hotSpotJSON`,`part_isPurchasable`,`part_diagnosticUUID`,`part_magentoUUID`,`part_vendor`,`part_createdByUUID`,`part_acknowledgedByUUID`,`part_updatedTS`,`part_createdTS`,`part_deleteTS`) VALUES ('004B-50-4085',1,'A SHT .06 48.00 120.00                  ',NULL,NULL,'',NULL,NULL,1,NULL,'',NULL,NULL,NULL,NULL,'2020-07-27 13:05:45',NULL);		
INSERT INTO part_template (`part_sku`,`part_statusId`,`part_name`,`part_shortName`,`part_brandId`,`part_imageURL`,`part_imageThumbURL`,`part_hotSpotJSON`,`part_isPurchasable`,`part_diagnosticUUID`,`part_magentoUUID`,`part_vendor`,`part_createdByUUID`,`part_acknowledgedByUUID`,`part_updatedTS`,`part_createdTS`,`part_deleteTS`) VALUES ('004B-51-4085',1,'A SHT .06 48.00 120.00 E&A              ',NULL,NULL,'',NULL,NULL,1,NULL,'',NULL,NULL,NULL,NULL,'2020-07-27 13:05:46',NULL);		
INSERT INTO part_template (`part_sku`,`part_statusId`,`part_name`,`part_shortName`,`part_brandId`,`part_imageURL`,`part_imageThumbURL`,`part_hotSpotJSON`,`part_isPurchasable`,`part_diagnosticUUID`,`part_magentoUUID`,`part_vendor`,`part_createdByUUID`,`part_acknowledgedByUUID`,`part_updatedTS`,`part_createdTS`,`part_deleteTS`) VALUES ('004B-52-4085',1,'A SHT .06 36.00 120.00 PC1S             ',NULL,NULL,'',NULL,NULL,1,NULL,'',NULL,NULL,NULL,NULL,'2020-07-27 13:05:46',NULL);		
INSERT INTO part_template (`part_sku`,`part_statusId`,`part_name`,`part_shortName`,`part_brandId`,`part_imageURL`,`part_imageThumbURL`,`part_hotSpotJSON`,`part_isPurchasable`,`part_diagnosticUUID`,`part_magentoUUID`,`part_vendor`,`part_createdByUUID`,`part_acknowledgedByUUID`,`part_updatedTS`,`part_createdTS`,`part_deleteTS`) VALUES ('004B-53-4085',1,'A SHT .06 48.00 120.00 PC1S             ',NULL,NULL,'',NULL,NULL,1,NULL,'',NULL,NULL,NULL,NULL,'2020-07-27 13:05:46',NULL);		
INSERT INTO part_template (`part_sku`,`part_statusId`,`part_name`,`part_shortName`,`part_brandId`,`part_imageURL`,`part_imageThumbURL`,`part_hotSpotJSON`,`part_isPurchasable`,`part_diagnosticUUID`,`part_magentoUUID`,`part_vendor`,`part_createdByUUID`,`part_acknowledgedByUUID`,`part_updatedTS`,`part_createdTS`,`part_deleteTS`) VALUES ('004B-54-4085',1,'A SHT .06 60.00 096.00 PC1S             ',NULL,NULL,'',NULL,NULL,1,NULL,'',NULL,NULL,NULL,NULL,'2020-07-27 13:05:47',NULL);		
INSERT INTO part_template (`part_sku`,`part_statusId`,`part_name`,`part_shortName`,`part_brandId`,`part_imageURL`,`part_imageThumbURL`,`part_hotSpotJSON`,`part_isPurchasable`,`part_diagnosticUUID`,`part_magentoUUID`,`part_vendor`,`part_createdByUUID`,`part_acknowledgedByUUID`,`part_updatedTS`,`part_createdTS`,`part_deleteTS`) VALUES ('004B-55-4085',1,'A SHT .08 48.00 120.00                  ',NULL,NULL,'',NULL,NULL,1,NULL,'',NULL,NULL,NULL,NULL,'2020-07-27 13:05:47',NULL);		
INSERT INTO part_template (`part_sku`,`part_statusId`,`part_name`,`part_shortName`,`part_brandId`,`part_imageURL`,`part_imageThumbURL`,`part_hotSpotJSON`,`part_isPurchasable`,`part_diagnosticUUID`,`part_magentoUUID`,`part_vendor`,`part_createdByUUID`,`part_acknowledgedByUUID`,`part_updatedTS`,`part_createdTS`,`part_deleteTS`) VALUES ('004B-56-4085',1,'A SHT .06 48.00 120.00 BRSH-PC/CONTACT P',NULL,NULL,'',NULL,NULL,1,NULL,'',NULL,NULL,NULL,NULL,'2020-07-27 13:05:47',NULL);		
INSERT INTO part_template (`part_sku`,`part_statusId`,`part_name`,`part_shortName`,`part_brandId`,`part_imageURL`,`part_imageThumbURL`,`part_hotSpotJSON`,`part_isPurchasable`,`part_diagnosticUUID`,`part_magentoUUID`,`part_vendor`,`part_createdByUUID`,`part_acknowledgedByUUID`,`part_updatedTS`,`part_createdTS`,`part_deleteTS`) VALUES ('004B-59-4085',1,'A SHT .09 17.81 039.43                  ',NULL,NULL,'',NULL,NULL,1,NULL,'',NULL,NULL,NULL,NULL,'2020-07-27 13:05:48',NULL);		
INSERT INTO part_template (`part_sku`,`part_statusId`,`part_name`,`part_shortName`,`part_brandId`,`part_imageURL`,`part_imageThumbURL`,`part_hotSpotJSON`,`part_isPurchasable`,`part_diagnosticUUID`,`part_magentoUUID`,`part_vendor`,`part_createdByUUID`,`part_acknowledgedByUUID`,`part_updatedTS`,`part_createdTS`,`part_deleteTS`) VALUES ('004B-63-4085',1,'A SHT .09 17.81 048.43                  ',NULL,NULL,'',NULL,NULL,1,NULL,'',NULL,NULL,NULL,NULL,'2020-07-27 13:05:48',NULL);		
INSERT INTO part_template (`part_sku`,`part_statusId`,`part_name`,`part_shortName`,`part_brandId`,`part_imageURL`,`part_imageThumbURL`,`part_hotSpotJSON`,`part_isPurchasable`,`part_diagnosticUUID`,`part_magentoUUID`,`part_vendor`,`part_createdByUUID`,`part_acknowledgedByUUID`,`part_updatedTS`,`part_createdTS`,`part_deleteTS`) VALUES ('004B-66-4085',1,'A SHT .09 48.00 144.00 3003H14',NULL,NULL,'',NULL,NULL,1,NULL,'',NULL,NULL,NULL,NULL,'2020-07-27 13:05:48',NULL);		
INSERT INTO part_template (`part_sku`,`part_statusId`,`part_name`,`part_shortName`,`part_brandId`,`part_imageURL`,`part_imageThumbURL`,`part_hotSpotJSON`,`part_isPurchasable`,`part_diagnosticUUID`,`part_magentoUUID`,`part_vendor`,`part_createdByUUID`,`part_acknowledgedByUUID`,`part_updatedTS`,`part_createdTS`,`part_deleteTS`) VALUES ('004B-71-4085',1,'A SHT .12 22.55 049.61                  ',NULL,NULL,'',NULL,NULL,1,NULL,'',NULL,NULL,NULL,NULL,'2020-07-27 13:05:49',NULL);		
INSERT INTO part_template (`part_sku`,`part_statusId`,`part_name`,`part_shortName`,`part_brandId`,`part_imageURL`,`part_imageThumbURL`,`part_hotSpotJSON`,`part_isPurchasable`,`part_diagnosticUUID`,`part_magentoUUID`,`part_vendor`,`part_createdByUUID`,`part_acknowledgedByUUID`,`part_updatedTS`,`part_createdTS`,`part_deleteTS`) VALUES ('004B-73-4085',1,'A SHT .12 21.05 042.05                  ',NULL,NULL,'',NULL,NULL,1,NULL,'',NULL,NULL,NULL,NULL,'2020-07-27 13:05:49',NULL);		
INSERT INTO part_template (`part_sku`,`part_statusId`,`part_name`,`part_shortName`,`part_brandId`,`part_imageURL`,`part_imageThumbURL`,`part_hotSpotJSON`,`part_isPurchasable`,`part_diagnosticUUID`,`part_magentoUUID`,`part_vendor`,`part_createdByUUID`,`part_acknowledgedByUUID`,`part_updatedTS`,`part_createdTS`,`part_deleteTS`) VALUES ('004B-75-4085',1,'A SHT .12 21.05 051.05                  ',NULL,NULL,'',NULL,NULL,1,NULL,'',NULL,NULL,NULL,NULL,'2020-07-27 13:05:49',NULL);		
INSERT INTO part_template (`part_sku`,`part_statusId`,`part_name`,`part_shortName`,`part_brandId`,`part_imageURL`,`part_imageThumbURL`,`part_hotSpotJSON`,`part_isPurchasable`,`part_diagnosticUUID`,`part_magentoUUID`,`part_vendor`,`part_createdByUUID`,`part_acknowledgedByUUID`,`part_updatedTS`,`part_createdTS`,`part_deleteTS`) VALUES ('004B-77-4085',1,'A SHT .12 48.00 096.00                  ',NULL,NULL,'',NULL,NULL,1,NULL,'',NULL,NULL,NULL,NULL,'2020-07-27 13:05:50',NULL);		
INSERT INTO part_template (`part_sku`,`part_statusId`,`part_name`,`part_shortName`,`part_brandId`,`part_imageURL`,`part_imageThumbURL`,`part_hotSpotJSON`,`part_isPurchasable`,`part_diagnosticUUID`,`part_magentoUUID`,`part_vendor`,`part_createdByUUID`,`part_acknowledgedByUUID`,`part_updatedTS`,`part_createdTS`,`part_deleteTS`) VALUES ('004B-79-4085',1,'A SHT .12 48.00 120.00                  ',NULL,NULL,'',NULL,NULL,1,NULL,'',NULL,NULL,NULL,NULL,'2020-07-27 13:05:50',NULL);		
INSERT INTO part_template (`part_sku`,`part_statusId`,`part_name`,`part_shortName`,`part_brandId`,`part_imageURL`,`part_imageThumbURL`,`part_hotSpotJSON`,`part_isPurchasable`,`part_diagnosticUUID`,`part_magentoUUID`,`part_vendor`,`part_createdByUUID`,`part_acknowledgedByUUID`,`part_updatedTS`,`part_createdTS`,`part_deleteTS`) VALUES ('004B-81-4085',1,'A SHT .12 48.00 120.00 PC1S             ',NULL,NULL,'',NULL,NULL,1,NULL,'',NULL,NULL,NULL,NULL,'2020-07-27 13:05:50',NULL);		
INSERT INTO part_template (`part_sku`,`part_statusId`,`part_name`,`part_shortName`,`part_brandId`,`part_imageURL`,`part_imageThumbURL`,`part_hotSpotJSON`,`part_isPurchasable`,`part_diagnosticUUID`,`part_magentoUUID`,`part_vendor`,`part_createdByUUID`,`part_acknowledgedByUUID`,`part_updatedTS`,`part_createdTS`,`part_deleteTS`) VALUES ('004B-85-4085',1,'A SHT .12 48.00 120.00 PC2S             ',NULL,NULL,'',NULL,NULL,1,NULL,'',NULL,NULL,NULL,NULL,'2020-07-27 13:05:51',NULL);		
INSERT INTO part_template (`part_sku`,`part_statusId`,`part_name`,`part_shortName`,`part_brandId`,`part_imageURL`,`part_imageThumbURL`,`part_hotSpotJSON`,`part_isPurchasable`,`part_diagnosticUUID`,`part_magentoUUID`,`part_vendor`,`part_createdByUUID`,`part_acknowledgedByUUID`,`part_updatedTS`,`part_createdTS`,`part_deleteTS`) VALUES ('004B-87-4085',1,'A SHT .12 60.00 120.00                  ',NULL,NULL,'',NULL,NULL,1,NULL,'',NULL,NULL,NULL,NULL,'2020-07-27 13:05:51',NULL);		
INSERT INTO part_template (`part_sku`,`part_statusId`,`part_name`,`part_shortName`,`part_brandId`,`part_imageURL`,`part_imageThumbURL`,`part_hotSpotJSON`,`part_isPurchasable`,`part_diagnosticUUID`,`part_magentoUUID`,`part_vendor`,`part_createdByUUID`,`part_acknowledgedByUUID`,`part_updatedTS`,`part_createdTS`,`part_deleteTS`) VALUES ('004B-90-4085',1,'A SHT .19 48.00 120.00',NULL,NULL,'',NULL,NULL,1,NULL,'',NULL,NULL,NULL,NULL,'2020-07-27 13:05:51',NULL);		
INSERT INTO part_template (`part_sku`,`part_statusId`,`part_name`,`part_shortName`,`part_brandId`,`part_imageURL`,`part_imageThumbURL`,`part_hotSpotJSON`,`part_isPurchasable`,`part_diagnosticUUID`,`part_magentoUUID`,`part_vendor`,`part_createdByUUID`,`part_acknowledgedByUUID`,`part_updatedTS`,`part_createdTS`,`part_deleteTS`) VALUES ('004B-91-4085',1,'A SHT .25 48.00 096.00                  ',NULL,NULL,'',NULL,NULL,1,NULL,'',NULL,NULL,NULL,NULL,'2020-07-27 13:05:52',NULL);		
INSERT INTO part_template (`part_sku`,`part_statusId`,`part_name`,`part_shortName`,`part_brandId`,`part_imageURL`,`part_imageThumbURL`,`part_hotSpotJSON`,`part_isPurchasable`,`part_diagnosticUUID`,`part_magentoUUID`,`part_vendor`,`part_createdByUUID`,`part_acknowledgedByUUID`,`part_updatedTS`,`part_createdTS`,`part_deleteTS`) VALUES ('004B-92-4085',1,'A SHT .12 36.00 96.00                   ',NULL,NULL,'',NULL,NULL,1,NULL,'',NULL,NULL,NULL,NULL,'2020-07-27 13:05:53',NULL);		
INSERT INTO part_template (`part_sku`,`part_statusId`,`part_name`,`part_shortName`,`part_brandId`,`part_imageURL`,`part_imageThumbURL`,`part_hotSpotJSON`,`part_isPurchasable`,`part_diagnosticUUID`,`part_magentoUUID`,`part_vendor`,`part_createdByUUID`,`part_acknowledgedByUUID`,`part_updatedTS`,`part_createdTS`,`part_deleteTS`) VALUES ('004B-93-4085',1,'A SHT .06 48.00 144.00                  ',NULL,NULL,'',NULL,NULL,1,NULL,'',NULL,NULL,NULL,NULL,'2020-07-27 13:05:53',NULL);		
INSERT INTO part_template (`part_sku`,`part_statusId`,`part_name`,`part_shortName`,`part_brandId`,`part_imageURL`,`part_imageThumbURL`,`part_hotSpotJSON`,`part_isPurchasable`,`part_diagnosticUUID`,`part_magentoUUID`,`part_vendor`,`part_createdByUUID`,`part_acknowledgedByUUID`,`part_updatedTS`,`part_createdTS`,`part_deleteTS`) VALUES ('004B-94-4085',1,'A SHT .19 48.00 70.00                   ',NULL,NULL,'',NULL,NULL,1,NULL,'',NULL,NULL,NULL,NULL,'2020-07-27 13:05:53',NULL);		
INSERT INTO part_template (`part_sku`,`part_statusId`,`part_name`,`part_shortName`,`part_brandId`,`part_imageURL`,`part_imageThumbURL`,`part_hotSpotJSON`,`part_isPurchasable`,`part_diagnosticUUID`,`part_magentoUUID`,`part_vendor`,`part_createdByUUID`,`part_acknowledgedByUUID`,`part_updatedTS`,`part_createdTS`,`part_deleteTS`) VALUES ('004D-63-4370',1,'BUGGY LOCK SOCKET 102R                  ',NULL,NULL,'',NULL,NULL,1,NULL,'',NULL,NULL,NULL,NULL,'2020-07-27 13:05:54',NULL);		
INSERT INTO part_template (`part_sku`,`part_statusId`,`part_name`,`part_shortName`,`part_brandId`,`part_imageURL`,`part_imageThumbURL`,`part_hotSpotJSON`,`part_isPurchasable`,`part_diagnosticUUID`,`part_magentoUUID`,`part_vendor`,`part_createdByUUID`,`part_acknowledgedByUUID`,`part_updatedTS`,`part_createdTS`,`part_deleteTS`) VALUES ('004D-64-4370',1,'BUGGY GUIDE 102R                        ',NULL,NULL,'',NULL,NULL,1,NULL,'',NULL,NULL,NULL,NULL,'2020-07-27 13:05:54',NULL);		
INSERT INTO part_template (`part_sku`,`part_statusId`,`part_name`,`part_shortName`,`part_brandId`,`part_imageURL`,`part_imageThumbURL`,`part_hotSpotJSON`,`part_isPurchasable`,`part_diagnosticUUID`,`part_magentoUUID`,`part_vendor`,`part_createdByUUID`,`part_acknowledgedByUUID`,`part_updatedTS`,`part_createdTS`,`part_deleteTS`) VALUES ('005-008-001',1,'POWER SUPPLY                            ',NULL,NULL,'',NULL,NULL,1,NULL,'',NULL,NULL,NULL,NULL,'2020-07-27 13:05:54',NULL);		
INSERT INTO part_template (`part_sku`,`part_statusId`,`part_name`,`part_shortName`,`part_brandId`,`part_imageURL`,`part_imageThumbURL`,`part_hotSpotJSON`,`part_isPurchasable`,`part_diagnosticUUID`,`part_magentoUUID`,`part_vendor`,`part_createdByUUID`,`part_acknowledgedByUUID`,`part_updatedTS`,`part_createdTS`,`part_deleteTS`) VALUES ('006-1236-6',1,'LOCKNUT - 1/2 NPT NYLON                 ',NULL,NULL,'',NULL,NULL,1,NULL,'',NULL,NULL,NULL,NULL,'2020-07-27 13:05:55',NULL);		
INSERT INTO part_template (`part_sku`,`part_statusId`,`part_name`,`part_shortName`,`part_brandId`,`part_imageURL`,`part_imageThumbURL`,`part_hotSpotJSON`,`part_isPurchasable`,`part_diagnosticUUID`,`part_magentoUUID`,`part_vendor`,`part_createdByUUID`,`part_acknowledgedByUUID`,`part_updatedTS`,`part_createdTS`,`part_deleteTS`) VALUES ('007B-01-4360',1,'PL A SCR BACK-UP 96VFP/VFS              ',NULL,NULL,'',NULL,NULL,1,NULL,'',NULL,NULL,NULL,NULL,'2020-07-27 13:05:55',NULL);		
INSERT INTO part_template (`part_sku`,`part_statusId`,`part_name`,`part_shortName`,`part_brandId`,`part_imageURL`,`part_imageThumbURL`,`part_hotSpotJSON`,`part_isPurchasable`,`part_diagnosticUUID`,`part_magentoUUID`,`part_vendor`,`part_createdByUUID`,`part_acknowledgedByUUID`,`part_updatedTS`,`part_createdTS`,`part_deleteTS`) VALUES ('007B-02-4360',1,'BRKT HAT PROBE SPPRT AL                 ',NULL,NULL,'',NULL,NULL,1,NULL,'',NULL,NULL,NULL,NULL,'2020-07-27 13:05:55',NULL);		
INSERT INTO part_template (`part_sku`,`part_statusId`,`part_name`,`part_shortName`,`part_brandId`,`part_imageURL`,`part_imageThumbURL`,`part_hotSpotJSON`,`part_isPurchasable`,`part_diagnosticUUID`,`part_magentoUUID`,`part_vendor`,`part_createdByUUID`,`part_acknowledgedByUUID`,`part_updatedTS`,`part_createdTS`,`part_deleteTS`) VALUES ('007C-01-4105',1,'SHT A .12 04.50 009.00                  ',NULL,NULL,'',NULL,NULL,1,NULL,'',NULL,NULL,NULL,NULL,'2020-07-27 13:05:56',NULL);		
INSERT INTO part_template (`part_sku`,`part_statusId`,`part_name`,`part_shortName`,`part_brandId`,`part_imageURL`,`part_imageThumbURL`,`part_hotSpotJSON`,`part_isPurchasable`,`part_diagnosticUUID`,`part_magentoUUID`,`part_vendor`,`part_createdByUUID`,`part_acknowledgedByUUID`,`part_updatedTS`,`part_createdTS`,`part_deleteTS`) VALUES ('007C-01-4106',1,'SHT A .19 01.50 001.50                  ',NULL,NULL,'',NULL,NULL,1,NULL,'',NULL,NULL,NULL,NULL,'2020-07-27 13:05:56',NULL);		
INSERT INTO part_template (`part_sku`,`part_statusId`,`part_name`,`part_shortName`,`part_brandId`,`part_imageURL`,`part_imageThumbURL`,`part_hotSpotJSON`,`part_isPurchasable`,`part_diagnosticUUID`,`part_magentoUUID`,`part_vendor`,`part_createdByUUID`,`part_acknowledgedByUUID`,`part_updatedTS`,`part_createdTS`,`part_deleteTS`) VALUES ('007C-01-4189',1,'SHT A .03 04.50 013.00                  ',NULL,NULL,'',NULL,NULL,1,NULL,'',NULL,NULL,NULL,NULL,'2020-07-27 13:05:56',NULL);		
INSERT INTO part_template (`part_sku`,`part_statusId`,`part_name`,`part_shortName`,`part_brandId`,`part_imageURL`,`part_imageThumbURL`,`part_hotSpotJSON`,`part_isPurchasable`,`part_diagnosticUUID`,`part_magentoUUID`,`part_vendor`,`part_createdByUUID`,`part_acknowledgedByUUID`,`part_updatedTS`,`part_createdTS`,`part_deleteTS`) VALUES ('007C-01-4208',1,'SHT A .12 11.93 033.12                  ',NULL,NULL,'',NULL,NULL,1,NULL,'',NULL,NULL,NULL,NULL,'2020-07-27 13:05:56',NULL);		
INSERT INTO part_template (`part_sku`,`part_statusId`,`part_name`,`part_shortName`,`part_brandId`,`part_imageURL`,`part_imageThumbURL`,`part_hotSpotJSON`,`part_isPurchasable`,`part_diagnosticUUID`,`part_magentoUUID`,`part_vendor`,`part_createdByUUID`,`part_acknowledgedByUUID`,`part_updatedTS`,`part_createdTS`,`part_deleteTS`) VALUES ('007C-01-4267',1,'SHT A .03 03.00 072.00                  ',NULL,NULL,'',NULL,NULL,1,NULL,'',NULL,NULL,NULL,NULL,'2020-07-27 13:05:57',NULL);		
INSERT INTO part_template (`part_sku`,`part_statusId`,`part_name`,`part_shortName`,`part_brandId`,`part_imageURL`,`part_imageThumbURL`,`part_hotSpotJSON`,`part_isPurchasable`,`part_diagnosticUUID`,`part_magentoUUID`,`part_vendor`,`part_createdByUUID`,`part_acknowledgedByUUID`,`part_updatedTS`,`part_createdTS`,`part_deleteTS`) VALUES ('007C-01-4370',1,'SHT A .02 04.00 120.00                  ',NULL,NULL,'',NULL,NULL,1,NULL,'',NULL,NULL,NULL,NULL,'2020-07-27 13:05:57',NULL);		
INSERT INTO part_template (`part_sku`,`part_statusId`,`part_name`,`part_shortName`,`part_brandId`,`part_imageURL`,`part_imageThumbURL`,`part_hotSpotJSON`,`part_isPurchasable`,`part_diagnosticUUID`,`part_magentoUUID`,`part_vendor`,`part_createdByUUID`,`part_acknowledgedByUUID`,`part_updatedTS`,`part_createdTS`,`part_deleteTS`) VALUES ('007C-02-4105',1,'SHT A .12 04.25 004.25                  ',NULL,NULL,'',NULL,NULL,1,NULL,'',NULL,NULL,NULL,NULL,'2020-07-27 13:05:57',NULL);		
INSERT INTO part_template (`part_sku`,`part_statusId`,`part_name`,`part_shortName`,`part_brandId`,`part_imageURL`,`part_imageThumbURL`,`part_hotSpotJSON`,`part_isPurchasable`,`part_diagnosticUUID`,`part_magentoUUID`,`part_vendor`,`part_createdByUUID`,`part_acknowledgedByUUID`,`part_updatedTS`,`part_createdTS`,`part_deleteTS`) VALUES ('007C-02-4106',1,'SHT A .19 01.68 004.25                  ',NULL,NULL,'',NULL,NULL,1,NULL,'',NULL,NULL,NULL,NULL,'2020-07-27 13:05:58',NULL);		
INSERT INTO part_template (`part_sku`,`part_statusId`,`part_name`,`part_shortName`,`part_brandId`,`part_imageURL`,`part_imageThumbURL`,`part_hotSpotJSON`,`part_isPurchasable`,`part_diagnosticUUID`,`part_magentoUUID`,`part_vendor`,`part_createdByUUID`,`part_acknowledgedByUUID`,`part_updatedTS`,`part_createdTS`,`part_deleteTS`) VALUES ('007C-02-4208',1,'SHT A .12 11.93 034.00                  ',NULL,NULL,'',NULL,NULL,1,NULL,'',NULL,NULL,NULL,NULL,'2020-07-27 13:05:58',NULL);		
INSERT INTO part_template (`part_sku`,`part_statusId`,`part_name`,`part_shortName`,`part_brandId`,`part_imageURL`,`part_imageThumbURL`,`part_hotSpotJSON`,`part_isPurchasable`,`part_diagnosticUUID`,`part_magentoUUID`,`part_vendor`,`part_createdByUUID`,`part_acknowledgedByUUID`,`part_updatedTS`,`part_createdTS`,`part_deleteTS`) VALUES ('007C-02-4267',1,'SHT A .02 04.00 144.00                  ',NULL,NULL,'',NULL,NULL,1,NULL,'',NULL,NULL,NULL,NULL,'2020-07-27 13:05:58',NULL);		
INSERT INTO part_template (`part_sku`,`part_statusId`,`part_name`,`part_shortName`,`part_brandId`,`part_imageURL`,`part_imageThumbURL`,`part_hotSpotJSON`,`part_isPurchasable`,`part_diagnosticUUID`,`part_magentoUUID`,`part_vendor`,`part_createdByUUID`,`part_acknowledgedByUUID`,`part_updatedTS`,`part_createdTS`,`part_deleteTS`) VALUES ('007C-03-4105',1,'SHT A .12 23.05 038.42                  ',NULL,NULL,'',NULL,NULL,1,NULL,'',NULL,NULL,NULL,NULL,'2020-07-27 13:05:59',NULL);		
INSERT INTO part_template (`part_sku`,`part_statusId`,`part_name`,`part_shortName`,`part_brandId`,`part_imageURL`,`part_imageThumbURL`,`part_hotSpotJSON`,`part_isPurchasable`,`part_diagnosticUUID`,`part_magentoUUID`,`part_vendor`,`part_createdByUUID`,`part_acknowledgedByUUID`,`part_updatedTS`,`part_createdTS`,`part_deleteTS`) VALUES ('007C-03-4106',1,'SHT A .19 12.37 030.50                  ',NULL,NULL,'',NULL,NULL,1,NULL,'',NULL,NULL,NULL,NULL,'2020-07-27 13:05:59',NULL);		
INSERT INTO part_template (`part_sku`,`part_statusId`,`part_name`,`part_shortName`,`part_brandId`,`part_imageURL`,`part_imageThumbURL`,`part_hotSpotJSON`,`part_isPurchasable`,`part_diagnosticUUID`,`part_magentoUUID`,`part_vendor`,`part_createdByUUID`,`part_acknowledgedByUUID`,`part_updatedTS`,`part_createdTS`,`part_deleteTS`) VALUES ('007C-04-4105',1,'SHT A .12 09.78 023.25                  ',NULL,NULL,'',NULL,NULL,1,NULL,'',NULL,NULL,NULL,NULL,'2020-07-27 13:05:59',NULL);		
INSERT INTO part_template (`part_sku`,`part_statusId`,`part_name`,`part_shortName`,`part_brandId`,`part_imageURL`,`part_imageThumbURL`,`part_hotSpotJSON`,`part_isPurchasable`,`part_diagnosticUUID`,`part_magentoUUID`,`part_vendor`,`part_createdByUUID`,`part_acknowledgedByUUID`,`part_updatedTS`,`part_createdTS`,`part_deleteTS`) VALUES ('007C-04-4106',1,'SHT A .19 14.56 024.19                  ',NULL,NULL,'',NULL,NULL,1,NULL,'',NULL,NULL,NULL,NULL,'2020-07-27 13:06:00',NULL);		
INSERT INTO part_template (`part_sku`,`part_statusId`,`part_name`,`part_shortName`,`part_brandId`,`part_imageURL`,`part_imageThumbURL`,`part_hotSpotJSON`,`part_isPurchasable`,`part_diagnosticUUID`,`part_magentoUUID`,`part_vendor`,`part_createdByUUID`,`part_acknowledgedByUUID`,`part_updatedTS`,`part_createdTS`,`part_deleteTS`) VALUES ('007C-05-4105',1,'SHT A .12 02.37 013.64                  ',NULL,NULL,'',NULL,NULL,1,NULL,'',NULL,NULL,NULL,NULL,'2020-07-27 13:06:00',NULL);		
INSERT INTO part_template (`part_sku`,`part_statusId`,`part_name`,`part_shortName`,`part_brandId`,`part_imageURL`,`part_imageThumbURL`,`part_hotSpotJSON`,`part_isPurchasable`,`part_diagnosticUUID`,`part_magentoUUID`,`part_vendor`,`part_createdByUUID`,`part_acknowledgedByUUID`,`part_updatedTS`,`part_createdTS`,`part_deleteTS`) VALUES ('007C-05-4106',1,'SHT A .19 04.12 030.62                  ',NULL,NULL,'',NULL,NULL,1,NULL,'',NULL,NULL,NULL,NULL,'2020-07-27 13:06:00',NULL);		
INSERT INTO part_template (`part_sku`,`part_statusId`,`part_name`,`part_shortName`,`part_brandId`,`part_imageURL`,`part_imageThumbURL`,`part_hotSpotJSON`,`part_isPurchasable`,`part_diagnosticUUID`,`part_magentoUUID`,`part_vendor`,`part_createdByUUID`,`part_acknowledgedByUUID`,`part_updatedTS`,`part_createdTS`,`part_deleteTS`) VALUES ('007C-06-4105',1,'SHT A .12 02.37 009.00                  ',NULL,NULL,'',NULL,NULL,1,NULL,'',NULL,NULL,NULL,NULL,'2020-07-27 13:06:01',NULL);		
INSERT INTO part_template (`part_sku`,`part_statusId`,`part_name`,`part_shortName`,`part_brandId`,`part_imageURL`,`part_imageThumbURL`,`part_hotSpotJSON`,`part_isPurchasable`,`part_diagnosticUUID`,`part_magentoUUID`,`part_vendor`,`part_createdByUUID`,`part_acknowledgedByUUID`,`part_updatedTS`,`part_createdTS`,`part_deleteTS`) VALUES ('007C-06-4106',1,'SHT A .19 03.00 024.25                  ',NULL,NULL,'',NULL,NULL,1,NULL,'',NULL,NULL,NULL,NULL,'2020-07-27 13:06:01',NULL);		
INSERT INTO part_template (`part_sku`,`part_statusId`,`part_name`,`part_shortName`,`part_brandId`,`part_imageURL`,`part_imageThumbURL`,`part_hotSpotJSON`,`part_isPurchasable`,`part_diagnosticUUID`,`part_magentoUUID`,`part_vendor`,`part_createdByUUID`,`part_acknowledgedByUUID`,`part_updatedTS`,`part_createdTS`,`part_deleteTS`) VALUES ('007C-07-4105',1,'SHT A .12 02.00 016.37                  ',NULL,NULL,'',NULL,NULL,1,NULL,'',NULL,NULL,NULL,NULL,'2020-07-27 13:06:01',NULL);		
INSERT INTO part_template (`part_sku`,`part_statusId`,`part_name`,`part_shortName`,`part_brandId`,`part_imageURL`,`part_imageThumbURL`,`part_hotSpotJSON`,`part_isPurchasable`,`part_diagnosticUUID`,`part_magentoUUID`,`part_vendor`,`part_createdByUUID`,`part_acknowledgedByUUID`,`part_updatedTS`,`part_createdTS`,`part_deleteTS`) VALUES ('007C-08-4105',1,'SHT A .12 05.00 032.56                  ',NULL,NULL,'',NULL,NULL,1,NULL,'',NULL,NULL,NULL,NULL,'2020-07-27 13:06:02',NULL);		
INSERT INTO part_template (`part_sku`,`part_statusId`,`part_name`,`part_shortName`,`part_brandId`,`part_imageURL`,`part_imageThumbURL`,`part_hotSpotJSON`,`part_isPurchasable`,`part_diagnosticUUID`,`part_magentoUUID`,`part_vendor`,`part_createdByUUID`,`part_acknowledgedByUUID`,`part_updatedTS`,`part_createdTS`,`part_deleteTS`) VALUES ('007C-09-4105',1,'SHT A .12 01.87 002.87                  ',NULL,NULL,'',NULL,NULL,1,NULL,'',NULL,NULL,NULL,NULL,'2020-07-27 13:06:02',NULL);		
INSERT INTO part_template (`part_sku`,`part_statusId`,`part_name`,`part_shortName`,`part_brandId`,`part_imageURL`,`part_imageThumbURL`,`part_hotSpotJSON`,`part_isPurchasable`,`part_diagnosticUUID`,`part_magentoUUID`,`part_vendor`,`part_createdByUUID`,`part_acknowledgedByUUID`,`part_updatedTS`,`part_createdTS`,`part_deleteTS`) VALUES ('007C-10-4105',1,'SHT A .12 01.00 002.00                  ',NULL,NULL,'',NULL,NULL,1,NULL,'',NULL,NULL,NULL,NULL,'2020-07-27 13:06:02',NULL);		
INSERT INTO part_template (`part_sku`,`part_statusId`,`part_name`,`part_shortName`,`part_brandId`,`part_imageURL`,`part_imageThumbURL`,`part_hotSpotJSON`,`part_isPurchasable`,`part_diagnosticUUID`,`part_magentoUUID`,`part_vendor`,`part_createdByUUID`,`part_acknowledgedByUUID`,`part_updatedTS`,`part_createdTS`,`part_deleteTS`) VALUES ('007C-11-4105',1,'SHT A .12 02.00 007.25                  ',NULL,NULL,'',NULL,NULL,1,NULL,'',NULL,NULL,NULL,NULL,'2020-07-27 13:06:03',NULL);		
INSERT INTO part_template (`part_sku`,`part_statusId`,`part_name`,`part_shortName`,`part_brandId`,`part_imageURL`,`part_imageThumbURL`,`part_hotSpotJSON`,`part_isPurchasable`,`part_diagnosticUUID`,`part_magentoUUID`,`part_vendor`,`part_createdByUUID`,`part_acknowledgedByUUID`,`part_updatedTS`,`part_createdTS`,`part_deleteTS`) VALUES ('007C-12-4105',1,'SHT A .12 09.78 26.62                   ',NULL,NULL,'',NULL,NULL,1,NULL,'',NULL,NULL,NULL,NULL,'2020-07-27 13:06:03',NULL);		
INSERT INTO part_template (`part_sku`,`part_statusId`,`part_name`,`part_shortName`,`part_brandId`,`part_imageURL`,`part_imageThumbURL`,`part_hotSpotJSON`,`part_isPurchasable`,`part_diagnosticUUID`,`part_magentoUUID`,`part_vendor`,`part_createdByUUID`,`part_acknowledgedByUUID`,`part_updatedTS`,`part_createdTS`,`part_deleteTS`) VALUES ('007D-01-4202',1,'SHT A .03 03.00 078.00                  ',NULL,NULL,'',NULL,NULL,1,NULL,'',NULL,NULL,NULL,NULL,'2020-07-27 13:06:03',NULL);		
INSERT INTO part_template (`part_sku`,`part_statusId`,`part_name`,`part_shortName`,`part_brandId`,`part_imageURL`,`part_imageThumbURL`,`part_hotSpotJSON`,`part_isPurchasable`,`part_diagnosticUUID`,`part_magentoUUID`,`part_vendor`,`part_createdByUUID`,`part_acknowledgedByUUID`,`part_updatedTS`,`part_createdTS`,`part_deleteTS`) VALUES ('007D-01-4278',1,'REFLECTOR BLNK .03 17.00 17.36          ',NULL,NULL,'',NULL,NULL,1,NULL,'',NULL,NULL,NULL,NULL,'2020-07-27 13:06:03',NULL);		
INSERT INTO part_template (`part_sku`,`part_statusId`,`part_name`,`part_shortName`,`part_brandId`,`part_imageURL`,`part_imageThumbURL`,`part_hotSpotJSON`,`part_isPurchasable`,`part_diagnosticUUID`,`part_magentoUUID`,`part_vendor`,`part_createdByUUID`,`part_acknowledgedByUUID`,`part_updatedTS`,`part_createdTS`,`part_deleteTS`) VALUES ('007D-02-4278',1,'REFLECTOR FRMD 2.28 14.75 17.0          ',NULL,NULL,'',NULL,NULL,1,NULL,'',NULL,NULL,NULL,NULL,'2020-07-27 13:06:04',NULL);		
INSERT INTO part_template (`part_sku`,`part_statusId`,`part_name`,`part_shortName`,`part_brandId`,`part_imageURL`,`part_imageThumbURL`,`part_hotSpotJSON`,`part_isPurchasable`,`part_diagnosticUUID`,`part_magentoUUID`,`part_vendor`,`part_createdByUUID`,`part_acknowledgedByUUID`,`part_updatedTS`,`part_createdTS`,`part_deleteTS`) VALUES ('007D-05-4202',1,'SHT A .03 03.00 001.00 3.00             ',NULL,NULL,'',NULL,NULL,1,NULL,'',NULL,NULL,NULL,NULL,'2020-07-27 13:06:04',NULL);		
INSERT INTO part_template (`part_sku`,`part_statusId`,`part_name`,`part_shortName`,`part_brandId`,`part_imageURL`,`part_imageThumbURL`,`part_hotSpotJSON`,`part_isPurchasable`,`part_diagnosticUUID`,`part_magentoUUID`,`part_vendor`,`part_createdByUUID`,`part_acknowledgedByUUID`,`part_updatedTS`,`part_createdTS`,`part_deleteTS`) VALUES ('007D-90-4797',1,'DRILL FIXTURE GEN-3V TO GEN-3S CONV MACH',NULL,NULL,'',NULL,NULL,1,NULL,'',NULL,NULL,NULL,NULL,'2020-07-27 13:06:04',NULL);		
INSERT INTO part_template (`part_sku`,`part_statusId`,`part_name`,`part_shortName`,`part_brandId`,`part_imageURL`,`part_imageThumbURL`,`part_hotSpotJSON`,`part_isPurchasable`,`part_diagnosticUUID`,`part_magentoUUID`,`part_vendor`,`part_createdByUUID`,`part_acknowledgedByUUID`,`part_updatedTS`,`part_createdTS`,`part_deleteTS`) VALUES ('01-000-009',1,'ADAPTOR PLUG                            ',NULL,NULL,'',NULL,NULL,1,NULL,'',NULL,NULL,NULL,NULL,'2020-07-27 13:06:06',NULL);		
INSERT INTO part_template (`part_sku`,`part_statusId`,`part_name`,`part_shortName`,`part_brandId`,`part_imageURL`,`part_imageThumbURL`,`part_hotSpotJSON`,`part_isPurchasable`,`part_diagnosticUUID`,`part_magentoUUID`,`part_vendor`,`part_createdByUUID`,`part_acknowledgedByUUID`,`part_updatedTS`,`part_createdTS`,`part_deleteTS`) VALUES ('01-000-100',1,'LINEAR ACTUATOR                         ',NULL,NULL,'',NULL,NULL,1,NULL,'',NULL,NULL,NULL,NULL,'2020-07-27 13:06:06',NULL);		
INSERT INTO part_template (`part_sku`,`part_statusId`,`part_name`,`part_shortName`,`part_brandId`,`part_imageURL`,`part_imageThumbURL`,`part_hotSpotJSON`,`part_isPurchasable`,`part_diagnosticUUID`,`part_magentoUUID`,`part_vendor`,`part_createdByUUID`,`part_acknowledgedByUUID`,`part_updatedTS`,`part_createdTS`,`part_deleteTS`) VALUES ('01-000-100R',1,'ACTUATOR (REBUILT)                      ',NULL,NULL,'',NULL,NULL,1,NULL,'',NULL,NULL,NULL,NULL,'2020-07-27 13:06:07',NULL);		
INSERT INTO part_template (`part_sku`,`part_statusId`,`part_name`,`part_shortName`,`part_brandId`,`part_imageURL`,`part_imageThumbURL`,`part_hotSpotJSON`,`part_isPurchasable`,`part_diagnosticUUID`,`part_magentoUUID`,`part_vendor`,`part_createdByUUID`,`part_acknowledgedByUUID`,`part_updatedTS`,`part_createdTS`,`part_deleteTS`) VALUES ('01-045',1,'KIT/MOTOR MOUNT                         ',NULL,NULL,'',NULL,NULL,1,NULL,'',NULL,NULL,NULL,NULL,'2020-07-27 13:06:07',NULL);		
INSERT INTO part_template (`part_sku`,`part_statusId`,`part_name`,`part_shortName`,`part_brandId`,`part_imageURL`,`part_imageThumbURL`,`part_hotSpotJSON`,`part_isPurchasable`,`part_diagnosticUUID`,`part_magentoUUID`,`part_vendor`,`part_createdByUUID`,`part_acknowledgedByUUID`,`part_updatedTS`,`part_createdTS`,`part_deleteTS`) VALUES ('01.14.b',1,'CONTROL LAMP 18V (ALSO 12V)             ',NULL,NULL,'',NULL,NULL,1,NULL,'',NULL,NULL,NULL,NULL,'2020-07-27 13:06:05',NULL);		
INSERT INTO part_template (`part_sku`,`part_statusId`,`part_name`,`part_shortName`,`part_brandId`,`part_imageURL`,`part_imageThumbURL`,`part_hotSpotJSON`,`part_isPurchasable`,`part_diagnosticUUID`,`part_magentoUUID`,`part_vendor`,`part_createdByUUID`,`part_acknowledgedByUUID`,`part_updatedTS`,`part_createdTS`,`part_deleteTS`) VALUES ('01.14B',1,'CONTROL LAMP 18V (ALSO 12V)             ',NULL,NULL,'',NULL,NULL,1,NULL,'',NULL,NULL,NULL,NULL,'2020-07-27 13:06:06',NULL);		
INSERT INTO part_template (`part_sku`,`part_statusId`,`part_name`,`part_shortName`,`part_brandId`,`part_imageURL`,`part_imageThumbURL`,`part_hotSpotJSON`,`part_isPurchasable`,`part_diagnosticUUID`,`part_magentoUUID`,`part_vendor`,`part_createdByUUID`,`part_acknowledgedByUUID`,`part_updatedTS`,`part_createdTS`,`part_deleteTS`) VALUES ('012D-14-5007',1,'FRONT/REAR FRM BOT WELDMNT AST J\'WAY PTT',NULL,NULL,'',NULL,NULL,1,NULL,'',NULL,NULL,NULL,NULL,'2020-07-27 13:06:09',NULL);		
INSERT INTO part_template (`part_sku`,`part_statusId`,`part_name`,`part_shortName`,`part_brandId`,`part_imageURL`,`part_imageThumbURL`,`part_hotSpotJSON`,`part_isPurchasable`,`part_diagnosticUUID`,`part_magentoUUID`,`part_vendor`,`part_createdByUUID`,`part_acknowledgedByUUID`,`part_updatedTS`,`part_createdTS`,`part_deleteTS`) VALUES ('012D-15-5020',1,'DAMPER MOUNT ASSY AS6-150 FLR TRNG      ',NULL,NULL,'',NULL,NULL,1,NULL,'',NULL,NULL,NULL,NULL,'2020-07-27 13:06:09',NULL);		
INSERT INTO part_template (`part_sku`,`part_statusId`,`part_name`,`part_shortName`,`part_brandId`,`part_imageURL`,`part_imageThumbURL`,`part_hotSpotJSON`,`part_isPurchasable`,`part_diagnosticUUID`,`part_magentoUUID`,`part_vendor`,`part_createdByUUID`,`part_acknowledgedByUUID`,`part_updatedTS`,`part_createdTS`,`part_deleteTS`) VALUES ('012D-21-5008',1,'CORTO HATCHER TROLLEY FRAME WELDMENT    ',NULL,NULL,'',NULL,NULL,1,NULL,'',NULL,NULL,NULL,NULL,'2020-07-27 13:06:09',NULL);		
INSERT INTO part_template (`part_sku`,`part_statusId`,`part_name`,`part_shortName`,`part_brandId`,`part_imageURL`,`part_imageThumbURL`,`part_hotSpotJSON`,`part_isPurchasable`,`part_diagnosticUUID`,`part_magentoUUID`,`part_vendor`,`part_createdByUUID`,`part_acknowledgedByUUID`,`part_updatedTS`,`part_createdTS`,`part_deleteTS`) VALUES ('012D-57-5032',1,'FRONT/REAR FRM BOT WELD J\'WAY PTT (BT)  ',NULL,NULL,'',NULL,NULL,1,NULL,'',NULL,NULL,NULL,NULL,'2020-07-27 13:06:10',NULL);		
INSERT INTO part_template (`part_sku`,`part_statusId`,`part_name`,`part_shortName`,`part_brandId`,`part_imageURL`,`part_imageThumbURL`,`part_hotSpotJSON`,`part_isPurchasable`,`part_diagnosticUUID`,`part_magentoUUID`,`part_vendor`,`part_createdByUUID`,`part_acknowledgedByUUID`,`part_updatedTS`,`part_createdTS`,`part_deleteTS`) VALUES ('012D-64-5042',1,'FRONT/REAR FRM BOT WELD A82 BOTTOM TURN ',NULL,NULL,'',NULL,NULL,1,NULL,'',NULL,NULL,NULL,NULL,'2020-07-27 13:06:10',NULL);		
INSERT INTO part_template (`part_sku`,`part_statusId`,`part_name`,`part_shortName`,`part_brandId`,`part_imageURL`,`part_imageThumbURL`,`part_hotSpotJSON`,`part_isPurchasable`,`part_diagnosticUUID`,`part_magentoUUID`,`part_vendor`,`part_createdByUUID`,`part_acknowledgedByUUID`,`part_updatedTS`,`part_createdTS`,`part_deleteTS`) VALUES ('012D-87-5032',1,'FRT/RR FRM BOT TUBE .75 BAR ASSY A168   ',NULL,NULL,'',NULL,NULL,1,NULL,'',NULL,NULL,NULL,NULL,'2020-07-27 13:06:11',NULL);		
INSERT INTO part_template (`part_sku`,`part_statusId`,`part_name`,`part_shortName`,`part_brandId`,`part_imageURL`,`part_imageThumbURL`,`part_hotSpotJSON`,`part_isPurchasable`,`part_diagnosticUUID`,`part_magentoUUID`,`part_vendor`,`part_createdByUUID`,`part_acknowledgedByUUID`,`part_updatedTS`,`part_createdTS`,`part_deleteTS`) VALUES ('014D-01-5232',1,'TRAY FRAME - ALUMINUM',NULL,NULL,'',NULL,NULL,1,NULL,'',NULL,NULL,NULL,NULL,'2020-07-27 13:06:13',NULL);		
INSERT INTO part_template (`part_sku`,`part_statusId`,`part_name`,`part_shortName`,`part_brandId`,`part_imageURL`,`part_imageThumbURL`,`part_hotSpotJSON`,`part_isPurchasable`,`part_diagnosticUUID`,`part_magentoUUID`,`part_vendor`,`part_createdByUUID`,`part_acknowledgedByUUID`,`part_updatedTS`,`part_createdTS`,`part_deleteTS`) VALUES ('014D-02-5232',1,'HANGER BAR - ALUM',NULL,NULL,'',NULL,NULL,1,NULL,'',NULL,NULL,NULL,NULL,'2020-07-27 13:06:13',NULL);		
INSERT INTO part_template (`part_sku`,`part_statusId`,`part_name`,`part_shortName`,`part_brandId`,`part_imageURL`,`part_imageThumbURL`,`part_hotSpotJSON`,`part_isPurchasable`,`part_diagnosticUUID`,`part_magentoUUID`,`part_vendor`,`part_createdByUUID`,`part_acknowledgedByUUID`,`part_updatedTS`,`part_createdTS`,`part_deleteTS`) VALUES ('014D-38-5007',1,'SPACER ALUMINUM .166 ID .25 OD 1.00 LONG',NULL,NULL,'',NULL,NULL,1,NULL,'',NULL,NULL,NULL,NULL,'2020-07-27 13:06:14',NULL);		
INSERT INTO part_template (`part_sku`,`part_statusId`,`part_name`,`part_shortName`,`part_brandId`,`part_imageURL`,`part_imageThumbURL`,`part_hotSpotJSON`,`part_isPurchasable`,`part_diagnosticUUID`,`part_magentoUUID`,`part_vendor`,`part_createdByUUID`,`part_acknowledgedByUUID`,`part_updatedTS`,`part_createdTS`,`part_deleteTS`) VALUES ('014D-44-4670',1,'TURNING SLEEVE 1.38 OD 1.50 LG          ',NULL,NULL,'',NULL,NULL,1,NULL,'',NULL,NULL,NULL,NULL,'2020-07-27 13:06:14',NULL);		
INSERT INTO part_template (`part_sku`,`part_statusId`,`part_name`,`part_shortName`,`part_brandId`,`part_imageURL`,`part_imageThumbURL`,`part_hotSpotJSON`,`part_isPurchasable`,`part_diagnosticUUID`,`part_magentoUUID`,`part_vendor`,`part_createdByUUID`,`part_acknowledgedByUUID`,`part_updatedTS`,`part_createdTS`,`part_deleteTS`) VALUES ('017D-03-4515',1,'SHIM SET ACTUATOR MNT PROSET            ',NULL,NULL,'',NULL,NULL,1,NULL,'',NULL,NULL,NULL,NULL,'2020-07-27 13:06:14',NULL);		
INSERT INTO part_template (`part_sku`,`part_statusId`,`part_name`,`part_shortName`,`part_brandId`,`part_imageURL`,`part_imageThumbURL`,`part_hotSpotJSON`,`part_isPurchasable`,`part_diagnosticUUID`,`part_magentoUUID`,`part_vendor`,`part_createdByUUID`,`part_acknowledgedByUUID`,`part_updatedTS`,`part_createdTS`,`part_deleteTS`) VALUES ('017D-04-4515',1,'BRKT TRNG SET MICROSWITCH               ',NULL,NULL,'',NULL,NULL,1,NULL,'',NULL,NULL,NULL,NULL,'2020-07-27 13:06:15',NULL);		
INSERT INTO part_template (`part_sku`,`part_statusId`,`part_name`,`part_shortName`,`part_brandId`,`part_imageURL`,`part_imageThumbURL`,`part_hotSpotJSON`,`part_isPurchasable`,`part_diagnosticUUID`,`part_magentoUUID`,`part_vendor`,`part_createdByUUID`,`part_acknowledgedByUUID`,`part_updatedTS`,`part_createdTS`,`part_deleteTS`) VALUES ('017D-05-4515',1,'BRKT TRNG PROX SENSOR                   ',NULL,NULL,'',NULL,NULL,1,NULL,'',NULL,NULL,NULL,NULL,'2020-07-27 13:06:15',NULL);		
INSERT INTO part_template (`part_sku`,`part_statusId`,`part_name`,`part_shortName`,`part_brandId`,`part_imageURL`,`part_imageThumbURL`,`part_hotSpotJSON`,`part_isPurchasable`,`part_diagnosticUUID`,`part_magentoUUID`,`part_vendor`,`part_createdByUUID`,`part_acknowledgedByUUID`,`part_updatedTS`,`part_createdTS`,`part_deleteTS`) VALUES ('017D-10-5215',1,'BOTTOM TURNING INSTALL GUIDE BRKT A150S',NULL,NULL,'',NULL,NULL,1,NULL,'',NULL,NULL,NULL,NULL,'2020-07-27 13:06:15',NULL);		
INSERT INTO part_template (`part_sku`,`part_statusId`,`part_name`,`part_shortName`,`part_brandId`,`part_imageURL`,`part_imageThumbURL`,`part_hotSpotJSON`,`part_isPurchasable`,`part_diagnosticUUID`,`part_magentoUUID`,`part_vendor`,`part_createdByUUID`,`part_acknowledgedByUUID`,`part_updatedTS`,`part_createdTS`,`part_deleteTS`) VALUES ('017D-14-5020',1,'FRAME SPREADER BAR AS6-150 FLR TRNG     ',NULL,NULL,'',NULL,NULL,1,NULL,'',NULL,NULL,NULL,NULL,'2020-07-27 13:06:15',NULL);		
INSERT INTO part_template (`part_sku`,`part_statusId`,`part_name`,`part_shortName`,`part_brandId`,`part_imageURL`,`part_imageThumbURL`,`part_hotSpotJSON`,`part_isPurchasable`,`part_diagnosticUUID`,`part_magentoUUID`,`part_vendor`,`part_createdByUUID`,`part_acknowledgedByUUID`,`part_updatedTS`,`part_createdTS`,`part_deleteTS`) VALUES ('017D-14-5025',1,'FRAME SPREADER BAR A6-165 FLR TRNG      ',NULL,NULL,'',NULL,NULL,1,NULL,'',NULL,NULL,NULL,NULL,'2020-07-27 13:06:16',NULL);		
INSERT INTO part_template (`part_sku`,`part_statusId`,`part_name`,`part_shortName`,`part_brandId`,`part_imageURL`,`part_imageThumbURL`,`part_hotSpotJSON`,`part_isPurchasable`,`part_diagnosticUUID`,`part_magentoUUID`,`part_vendor`,`part_createdByUUID`,`part_acknowledgedByUUID`,`part_updatedTS`,`part_createdTS`,`part_deleteTS`) VALUES ('017D-16-5020',1,'DAMPER MOUNT PLATE AS6-150 FLR TRNG     ',NULL,NULL,'',NULL,NULL,1,NULL,'',NULL,NULL,NULL,NULL,'2020-07-27 13:06:16',NULL);		
INSERT INTO part_template (`part_sku`,`part_statusId`,`part_name`,`part_shortName`,`part_brandId`,`part_imageURL`,`part_imageThumbURL`,`part_hotSpotJSON`,`part_isPurchasable`,`part_diagnosticUUID`,`part_magentoUUID`,`part_vendor`,`part_createdByUUID`,`part_acknowledgedByUUID`,`part_updatedTS`,`part_createdTS`,`part_deleteTS`) VALUES ('017D-17-4839',1,'ANGLE REINFORCE Z BEAM COVER            ',NULL,NULL,'',NULL,NULL,1,NULL,'',NULL,NULL,NULL,NULL,'2020-07-27 13:06:16',NULL);		
INSERT INTO part_template (`part_sku`,`part_statusId`,`part_name`,`part_shortName`,`part_brandId`,`part_imageURL`,`part_imageThumbURL`,`part_hotSpotJSON`,`part_isPurchasable`,`part_diagnosticUUID`,`part_magentoUUID`,`part_vendor`,`part_createdByUUID`,`part_acknowledgedByUUID`,`part_updatedTS`,`part_createdTS`,`part_deleteTS`) VALUES ('017D-17-5020',1,'DAMPER MOUNT BAR AS6-150 FLR TRNG       ',NULL,NULL,'',NULL,NULL,1,NULL,'',NULL,NULL,NULL,NULL,'2020-07-27 13:06:17',NULL);		
INSERT INTO part_template (`part_sku`,`part_statusId`,`part_name`,`part_shortName`,`part_brandId`,`part_imageURL`,`part_imageThumbURL`,`part_hotSpotJSON`,`part_isPurchasable`,`part_diagnosticUUID`,`part_magentoUUID`,`part_vendor`,`part_createdByUUID`,`part_acknowledgedByUUID`,`part_updatedTS`,`part_createdTS`,`part_deleteTS`) VALUES ('017D-18-5020',1,'ACTUATOR MOUNT BAR AS6-150 FLR TRNG     ',NULL,NULL,'',NULL,NULL,1,NULL,'',NULL,NULL,NULL,NULL,'2020-07-27 13:06:17',NULL);		
INSERT INTO part_template (`part_sku`,`part_statusId`,`part_name`,`part_shortName`,`part_brandId`,`part_imageURL`,`part_imageThumbURL`,`part_hotSpotJSON`,`part_isPurchasable`,`part_diagnosticUUID`,`part_magentoUUID`,`part_vendor`,`part_createdByUUID`,`part_acknowledgedByUUID`,`part_updatedTS`,`part_createdTS`,`part_deleteTS`) VALUES ('017D-22-5020',1,'DROP ARM AS6-150 FLR TRNG               ',NULL,NULL,'',NULL,NULL,1,NULL,'',NULL,NULL,NULL,NULL,'2020-07-27 13:06:17',NULL);		
INSERT INTO part_template (`part_sku`,`part_statusId`,`part_name`,`part_shortName`,`part_brandId`,`part_imageURL`,`part_imageThumbURL`,`part_hotSpotJSON`,`part_isPurchasable`,`part_diagnosticUUID`,`part_magentoUUID`,`part_vendor`,`part_createdByUUID`,`part_acknowledgedByUUID`,`part_updatedTS`,`part_createdTS`,`part_deleteTS`) VALUES ('017D-23-5008',1,'CORTO HATCHER DOLLY BACK STOP           ',NULL,NULL,'',NULL,NULL,1,NULL,'',NULL,NULL,NULL,NULL,'2020-07-27 13:06:18',NULL);		
INSERT INTO part_template (`part_sku`,`part_statusId`,`part_name`,`part_shortName`,`part_brandId`,`part_imageURL`,`part_imageThumbURL`,`part_hotSpotJSON`,`part_isPurchasable`,`part_diagnosticUUID`,`part_magentoUUID`,`part_vendor`,`part_createdByUUID`,`part_acknowledgedByUUID`,`part_updatedTS`,`part_createdTS`,`part_deleteTS`) VALUES ('017D-23-5020',1,'TURNING HEAD AS6-150 FLR TRNG           ',NULL,NULL,'',NULL,NULL,1,NULL,'',NULL,NULL,NULL,NULL,'2020-07-27 13:06:18',NULL);		
INSERT INTO part_template (`part_sku`,`part_statusId`,`part_name`,`part_shortName`,`part_brandId`,`part_imageURL`,`part_imageThumbURL`,`part_hotSpotJSON`,`part_isPurchasable`,`part_diagnosticUUID`,`part_magentoUUID`,`part_vendor`,`part_createdByUUID`,`part_acknowledgedByUUID`,`part_updatedTS`,`part_createdTS`,`part_deleteTS`) VALUES ('017D-24-5008',1,'CORTO HATCHER TROLLEY DIAGONAL BRACE    ',NULL,NULL,'',NULL,NULL,1,NULL,'',NULL,NULL,NULL,NULL,'2020-07-27 13:06:18',NULL);		
INSERT INTO part_template (`part_sku`,`part_statusId`,`part_name`,`part_shortName`,`part_brandId`,`part_imageURL`,`part_imageThumbURL`,`part_hotSpotJSON`,`part_isPurchasable`,`part_diagnosticUUID`,`part_magentoUUID`,`part_vendor`,`part_createdByUUID`,`part_acknowledgedByUUID`,`part_updatedTS`,`part_createdTS`,`part_deleteTS`) VALUES ('017D-25-5008',1,'CORTO HATCHER TROLLEY SIDE RAIL         ',NULL,NULL,'',NULL,NULL,1,NULL,'',NULL,NULL,NULL,NULL,'2020-07-27 13:06:19',NULL);		
INSERT INTO part_template (`part_sku`,`part_statusId`,`part_name`,`part_shortName`,`part_brandId`,`part_imageURL`,`part_imageThumbURL`,`part_hotSpotJSON`,`part_isPurchasable`,`part_diagnosticUUID`,`part_magentoUUID`,`part_vendor`,`part_createdByUUID`,`part_acknowledgedByUUID`,`part_updatedTS`,`part_createdTS`,`part_deleteTS`) VALUES ('017D-26-5008',1,'CORTO HATCHER TROLLEY CASTOR RAIL       ',NULL,NULL,'',NULL,NULL,1,NULL,'',NULL,NULL,NULL,NULL,'2020-07-27 13:06:19',NULL);		
INSERT INTO part_template (`part_sku`,`part_statusId`,`part_name`,`part_shortName`,`part_brandId`,`part_imageURL`,`part_imageThumbURL`,`part_hotSpotJSON`,`part_isPurchasable`,`part_diagnosticUUID`,`part_magentoUUID`,`part_vendor`,`part_createdByUUID`,`part_acknowledgedByUUID`,`part_updatedTS`,`part_createdTS`,`part_deleteTS`) VALUES ('017D-27-5008',1,'CORTO HATCHER TROLLEY TOP CROSS RAIL    ',NULL,NULL,'',NULL,NULL,1,NULL,'',NULL,NULL,NULL,NULL,'2020-07-27 13:06:19',NULL);		
INSERT INTO part_template (`part_sku`,`part_statusId`,`part_name`,`part_shortName`,`part_brandId`,`part_imageURL`,`part_imageThumbURL`,`part_hotSpotJSON`,`part_isPurchasable`,`part_diagnosticUUID`,`part_magentoUUID`,`part_vendor`,`part_createdByUUID`,`part_acknowledgedByUUID`,`part_updatedTS`,`part_createdTS`,`part_deleteTS`) VALUES ('017D-28-4772',1,'HANGER BAR TROLLEY 6/01                 ',NULL,NULL,'',NULL,NULL,1,NULL,'',NULL,NULL,NULL,NULL,'2020-07-27 13:06:20',NULL);		
INSERT INTO part_template (`part_sku`,`part_statusId`,`part_name`,`part_shortName`,`part_brandId`,`part_imageURL`,`part_imageThumbURL`,`part_hotSpotJSON`,`part_isPurchasable`,`part_diagnosticUUID`,`part_magentoUUID`,`part_vendor`,`part_createdByUUID`,`part_acknowledgedByUUID`,`part_updatedTS`,`part_createdTS`,`part_deleteTS`) VALUES ('017D-28-5008',1,'CORTO HATCHER TROLLEY CASTOR PLATE      ',NULL,NULL,'',NULL,NULL,1,NULL,'',NULL,NULL,NULL,NULL,'2020-07-27 13:06:20',NULL);		
INSERT INTO part_template (`part_sku`,`part_statusId`,`part_name`,`part_shortName`,`part_brandId`,`part_imageURL`,`part_imageThumbURL`,`part_hotSpotJSON`,`part_isPurchasable`,`part_diagnosticUUID`,`part_magentoUUID`,`part_vendor`,`part_createdByUUID`,`part_acknowledgedByUUID`,`part_updatedTS`,`part_createdTS`,`part_deleteTS`) VALUES ('017D-29-5008',1,'CORTO HATCHER TROLLEY CORNER POST DRLD  ',NULL,NULL,'',NULL,NULL,1,NULL,'',NULL,NULL,NULL,NULL,'2020-07-27 13:06:20',NULL);		
INSERT INTO part_template (`part_sku`,`part_statusId`,`part_name`,`part_shortName`,`part_brandId`,`part_imageURL`,`part_imageThumbURL`,`part_hotSpotJSON`,`part_isPurchasable`,`part_diagnosticUUID`,`part_magentoUUID`,`part_vendor`,`part_createdByUUID`,`part_acknowledgedByUUID`,`part_updatedTS`,`part_createdTS`,`part_deleteTS`) VALUES ('017D-30-4772',1,'TURNING CAM TIE BAR TROLLEY 6/01        ',NULL,NULL,'',NULL,NULL,1,NULL,'',NULL,NULL,NULL,NULL,'2020-07-27 13:06:21',NULL);		
INSERT INTO part_template (`part_sku`,`part_statusId`,`part_name`,`part_shortName`,`part_brandId`,`part_imageURL`,`part_imageThumbURL`,`part_hotSpotJSON`,`part_isPurchasable`,`part_diagnosticUUID`,`part_magentoUUID`,`part_vendor`,`part_createdByUUID`,`part_acknowledgedByUUID`,`part_updatedTS`,`part_createdTS`,`part_deleteTS`) VALUES ('017D-30-5008',1,'CORTO HATCHER TROLLEY CORNER POST RH DRL',NULL,NULL,'',NULL,NULL,1,NULL,'',NULL,NULL,NULL,NULL,'2020-07-27 13:06:21',NULL);		
INSERT INTO part_template (`part_sku`,`part_statusId`,`part_name`,`part_shortName`,`part_brandId`,`part_imageURL`,`part_imageThumbURL`,`part_hotSpotJSON`,`part_isPurchasable`,`part_diagnosticUUID`,`part_magentoUUID`,`part_vendor`,`part_createdByUUID`,`part_acknowledgedByUUID`,`part_updatedTS`,`part_createdTS`,`part_deleteTS`) VALUES ('017D-31-5008',1,'CORTO HATCHER TROLLEY CORNER POST DRLD  ',NULL,NULL,'',NULL,NULL,1,NULL,'',NULL,NULL,NULL,NULL,'2020-07-27 13:06:22',NULL);		
INSERT INTO part_template (`part_sku`,`part_statusId`,`part_name`,`part_shortName`,`part_brandId`,`part_imageURL`,`part_imageThumbURL`,`part_hotSpotJSON`,`part_isPurchasable`,`part_diagnosticUUID`,`part_magentoUUID`,`part_vendor`,`part_createdByUUID`,`part_acknowledgedByUUID`,`part_updatedTS`,`part_createdTS`,`part_deleteTS`) VALUES ('017D-32-5007',1,'FRONT/REAR FRAME SIDE VERT AST J\'WAY PTT',NULL,NULL,'parts.chickmaster.com/media/catalog/product0',NULL,NULL,1,NULL,'7960',NULL,NULL,NULL,NULL,'2020-07-27 13:06:22',NULL);		
INSERT INTO part_template (`part_sku`,`part_statusId`,`part_name`,`part_shortName`,`part_brandId`,`part_imageURL`,`part_imageThumbURL`,`part_hotSpotJSON`,`part_isPurchasable`,`part_diagnosticUUID`,`part_magentoUUID`,`part_vendor`,`part_createdByUUID`,`part_acknowledgedByUUID`,`part_updatedTS`,`part_createdTS`,`part_deleteTS`) VALUES ('017D-33-5007',1,'FRONT/REAR FRAME TOP TUBE AST J\'WAY PTT ',NULL,NULL,'',NULL,NULL,1,NULL,'',NULL,NULL,NULL,NULL,'2020-07-27 13:06:23',NULL);		
INSERT INTO part_template (`part_sku`,`part_statusId`,`part_name`,`part_shortName`,`part_brandId`,`part_imageURL`,`part_imageThumbURL`,`part_hotSpotJSON`,`part_isPurchasable`,`part_diagnosticUUID`,`part_magentoUUID`,`part_vendor`,`part_createdByUUID`,`part_acknowledgedByUUID`,`part_updatedTS`,`part_createdTS`,`part_deleteTS`) VALUES ('017D-33-5089',1,'FRAME SPREADER BAR 374MM A6S-150B       ',NULL,NULL,'',NULL,NULL,1,NULL,'',NULL,NULL,NULL,NULL,'2020-07-27 13:06:23',NULL);		
INSERT INTO part_template (`part_sku`,`part_statusId`,`part_name`,`part_shortName`,`part_brandId`,`part_imageURL`,`part_imageThumbURL`,`part_hotSpotJSON`,`part_isPurchasable`,`part_diagnosticUUID`,`part_magentoUUID`,`part_vendor`,`part_createdByUUID`,`part_acknowledgedByUUID`,`part_updatedTS`,`part_createdTS`,`part_deleteTS`) VALUES ('017D-34-5007',1,'FRONT/REAR FRAME BOT TB AST J\'WAY PTT   ',NULL,NULL,'',NULL,NULL,1,NULL,'',NULL,NULL,NULL,NULL,'2020-07-27 13:06:24',NULL);		
INSERT INTO part_template (`part_sku`,`part_statusId`,`part_name`,`part_shortName`,`part_brandId`,`part_imageURL`,`part_imageThumbURL`,`part_hotSpotJSON`,`part_isPurchasable`,`part_diagnosticUUID`,`part_magentoUUID`,`part_vendor`,`part_createdByUUID`,`part_acknowledgedByUUID`,`part_updatedTS`,`part_createdTS`,`part_deleteTS`) VALUES ('017D-34-5089',1,'ACTUATOR MOUNTING BEAM 374MM A6S-150B   ',NULL,NULL,'',NULL,NULL,1,NULL,'',NULL,NULL,NULL,NULL,'2020-07-27 13:06:24',NULL);		
INSERT INTO part_template (`part_sku`,`part_statusId`,`part_name`,`part_shortName`,`part_brandId`,`part_imageURL`,`part_imageThumbURL`,`part_hotSpotJSON`,`part_isPurchasable`,`part_diagnosticUUID`,`part_magentoUUID`,`part_vendor`,`part_createdByUUID`,`part_acknowledgedByUUID`,`part_updatedTS`,`part_createdTS`,`part_deleteTS`) VALUES ('017D-35-5007',1,'TRAY HANGER BAR SELF-LVL A168 J\'WAY PTT ',NULL,NULL,'',NULL,NULL,1,NULL,'',NULL,NULL,NULL,NULL,'2020-07-27 13:06:24',NULL);		
INSERT INTO part_template (`part_sku`,`part_statusId`,`part_name`,`part_shortName`,`part_brandId`,`part_imageURL`,`part_imageThumbURL`,`part_hotSpotJSON`,`part_isPurchasable`,`part_diagnosticUUID`,`part_magentoUUID`,`part_vendor`,`part_createdByUUID`,`part_acknowledgedByUUID`,`part_updatedTS`,`part_createdTS`,`part_deleteTS`) VALUES ('017D-35-5089',1,'REAR MOUNTNIG BEAM 374MM A6S-150B       ',NULL,NULL,'',NULL,NULL,1,NULL,'',NULL,NULL,NULL,NULL,'2020-07-27 13:06:25',NULL);		
INSERT INTO part_template (`part_sku`,`part_statusId`,`part_name`,`part_shortName`,`part_brandId`,`part_imageURL`,`part_imageThumbURL`,`part_hotSpotJSON`,`part_isPurchasable`,`part_diagnosticUUID`,`part_magentoUUID`,`part_vendor`,`part_createdByUUID`,`part_acknowledgedByUUID`,`part_updatedTS`,`part_createdTS`,`part_deleteTS`) VALUES ('017D-36-5089',1,'BOTTOM TURN INSTALL GUIDE BRKT AS-150B  ',NULL,NULL,'',NULL,NULL,1,NULL,'',NULL,NULL,NULL,NULL,'2020-07-27 13:06:25',NULL);		
INSERT INTO part_template (`part_sku`,`part_statusId`,`part_name`,`part_shortName`,`part_brandId`,`part_imageURL`,`part_imageThumbURL`,`part_hotSpotJSON`,`part_isPurchasable`,`part_diagnosticUUID`,`part_magentoUUID`,`part_vendor`,`part_createdByUUID`,`part_acknowledgedByUUID`,`part_updatedTS`,`part_createdTS`,`part_deleteTS`) VALUES ('017D-42-5025',1,'BEARING BLOCK A6-165 FLR TRNG           ',NULL,NULL,'',NULL,NULL,1,NULL,'',NULL,NULL,NULL,NULL,'2020-07-27 13:06:25',NULL);		
INSERT INTO part_template (`part_sku`,`part_statusId`,`part_name`,`part_shortName`,`part_brandId`,`part_imageURL`,`part_imageThumbURL`,`part_hotSpotJSON`,`part_isPurchasable`,`part_diagnosticUUID`,`part_magentoUUID`,`part_vendor`,`part_createdByUUID`,`part_acknowledgedByUUID`,`part_updatedTS`,`part_createdTS`,`part_deleteTS`) VALUES ('017D-42-5130',1,'BOTTOM TURN INSTALL GUIDE BRKT A2S 3PT',NULL,NULL,'',NULL,NULL,1,NULL,'',NULL,NULL,NULL,NULL,'2020-07-27 13:06:26',NULL);		
INSERT INTO part_template (`part_sku`,`part_statusId`,`part_name`,`part_shortName`,`part_brandId`,`part_imageURL`,`part_imageThumbURL`,`part_hotSpotJSON`,`part_isPurchasable`,`part_diagnosticUUID`,`part_magentoUUID`,`part_vendor`,`part_createdByUUID`,`part_acknowledgedByUUID`,`part_updatedTS`,`part_createdTS`,`part_deleteTS`) VALUES ('017D-43-5074',1,'ACTUATOR DAMPER BEAM A6-168 BT 3/11     ',NULL,NULL,'',NULL,NULL,1,NULL,'',NULL,NULL,NULL,NULL,'2020-07-27 13:06:26',NULL);		
INSERT INTO part_template (`part_sku`,`part_statusId`,`part_name`,`part_shortName`,`part_brandId`,`part_imageURL`,`part_imageThumbURL`,`part_hotSpotJSON`,`part_isPurchasable`,`part_diagnosticUUID`,`part_magentoUUID`,`part_vendor`,`part_createdByUUID`,`part_acknowledgedByUUID`,`part_updatedTS`,`part_createdTS`,`part_deleteTS`) VALUES ('017D-43-5074TS',1,'ACTUATOR DAMPER BEAM A6-168 BT 3/11',NULL,NULL,'',NULL,NULL,1,NULL,'',NULL,NULL,NULL,NULL,'2020-07-27 13:06:26',NULL);		
INSERT INTO part_template (`part_sku`,`part_statusId`,`part_name`,`part_shortName`,`part_brandId`,`part_imageURL`,`part_imageThumbURL`,`part_hotSpotJSON`,`part_isPurchasable`,`part_diagnosticUUID`,`part_magentoUUID`,`part_vendor`,`part_createdByUUID`,`part_acknowledgedByUUID`,`part_updatedTS`,`part_createdTS`,`part_deleteTS`) VALUES ('017D-44-5074',1,'ACTUATOR DAMPER BEAM A6-168 FLR TRNG    ',NULL,NULL,'',NULL,NULL,1,NULL,'',NULL,NULL,NULL,NULL,'2020-07-27 13:06:27',NULL);		
INSERT INTO part_template (`part_sku`,`part_statusId`,`part_name`,`part_shortName`,`part_brandId`,`part_imageURL`,`part_imageThumbURL`,`part_hotSpotJSON`,`part_isPurchasable`,`part_diagnosticUUID`,`part_magentoUUID`,`part_vendor`,`part_createdByUUID`,`part_acknowledgedByUUID`,`part_updatedTS`,`part_createdTS`,`part_deleteTS`) VALUES ('017D-44-5074TS',1,'ACTUATOR DAMPER BEAM A6-168 FLR TRNG',NULL,NULL,'',NULL,NULL,1,NULL,'',NULL,NULL,NULL,NULL,'2020-07-27 13:06:27',NULL);		
INSERT INTO part_template (`part_sku`,`part_statusId`,`part_name`,`part_shortName`,`part_brandId`,`part_imageURL`,`part_imageThumbURL`,`part_hotSpotJSON`,`part_isPurchasable`,`part_diagnosticUUID`,`part_magentoUUID`,`part_vendor`,`part_createdByUUID`,`part_acknowledgedByUUID`,`part_updatedTS`,`part_createdTS`,`part_deleteTS`) VALUES ('017D-45-5074',1,'FRAME SPREADER BAR A6-168 FLR TRNG      ',NULL,NULL,'',NULL,NULL,1,NULL,'',NULL,NULL,NULL,NULL,'2020-07-27 13:06:27',NULL);		
INSERT INTO part_template (`part_sku`,`part_statusId`,`part_name`,`part_shortName`,`part_brandId`,`part_imageURL`,`part_imageThumbURL`,`part_hotSpotJSON`,`part_isPurchasable`,`part_diagnosticUUID`,`part_magentoUUID`,`part_vendor`,`part_createdByUUID`,`part_acknowledgedByUUID`,`part_updatedTS`,`part_createdTS`,`part_deleteTS`) VALUES ('017D-46-5025',1,'ACTUATOR DRIVE PLATE A6-165 FLR TRNG    ',NULL,NULL,'',NULL,NULL,1,NULL,'',NULL,NULL,NULL,NULL,'2020-07-27 13:06:28',NULL);		
INSERT INTO part_template (`part_sku`,`part_statusId`,`part_name`,`part_shortName`,`part_brandId`,`part_imageURL`,`part_imageThumbURL`,`part_hotSpotJSON`,`part_isPurchasable`,`part_diagnosticUUID`,`part_magentoUUID`,`part_vendor`,`part_createdByUUID`,`part_acknowledgedByUUID`,`part_updatedTS`,`part_createdTS`,`part_deleteTS`) VALUES ('017D-46-5074',1,'BOTTOM TURNING INSTALL BRKT',NULL,NULL,'parts.chickmaster.com/media/catalog/product0',NULL,NULL,1,NULL,'8345',NULL,NULL,NULL,NULL,'2020-07-27 13:06:28',NULL);		
INSERT INTO part_template (`part_sku`,`part_statusId`,`part_name`,`part_shortName`,`part_brandId`,`part_imageURL`,`part_imageThumbURL`,`part_hotSpotJSON`,`part_isPurchasable`,`part_diagnosticUUID`,`part_magentoUUID`,`part_vendor`,`part_createdByUUID`,`part_acknowledgedByUUID`,`part_updatedTS`,`part_createdTS`,`part_deleteTS`) VALUES ('017D-47-5025',1,'ACTUATOR DAMPER REAR BEAM 165 FTRN',NULL,NULL,'',NULL,NULL,1,NULL,'',NULL,NULL,NULL,NULL,'2020-07-27 13:06:28',NULL);		
INSERT INTO part_template (`part_sku`,`part_statusId`,`part_name`,`part_shortName`,`part_brandId`,`part_imageURL`,`part_imageThumbURL`,`part_hotSpotJSON`,`part_isPurchasable`,`part_diagnosticUUID`,`part_magentoUUID`,`part_vendor`,`part_createdByUUID`,`part_acknowledgedByUUID`,`part_updatedTS`,`part_createdTS`,`part_deleteTS`) VALUES ('017D-47-5025TS',1,'ACTUATOR DAMPER REAR BEAM 165 FTRN',NULL,NULL,'',NULL,NULL,1,NULL,'',NULL,NULL,NULL,NULL,'2020-07-27 13:06:29',NULL);		
INSERT INTO part_template (`part_sku`,`part_statusId`,`part_name`,`part_shortName`,`part_brandId`,`part_imageURL`,`part_imageThumbURL`,`part_hotSpotJSON`,`part_isPurchasable`,`part_diagnosticUUID`,`part_magentoUUID`,`part_vendor`,`part_createdByUUID`,`part_acknowledgedByUUID`,`part_updatedTS`,`part_createdTS`,`part_deleteTS`) VALUES ('017D-48-5025',1,'ACTUATOR TRUNNION A6-165 FLR TRNG       ',NULL,NULL,'',NULL,NULL,1,NULL,'',NULL,NULL,NULL,NULL,'2020-07-27 13:06:29',NULL);		
INSERT INTO part_template (`part_sku`,`part_statusId`,`part_name`,`part_shortName`,`part_brandId`,`part_imageURL`,`part_imageThumbURL`,`part_hotSpotJSON`,`part_isPurchasable`,`part_diagnosticUUID`,`part_magentoUUID`,`part_vendor`,`part_createdByUUID`,`part_acknowledgedByUUID`,`part_updatedTS`,`part_createdTS`,`part_deleteTS`) VALUES ('017D-49-5025',1,'ACTUATOR TRUNNION A6-165 FLR TRNG 01/11 ',NULL,NULL,'',NULL,NULL,1,NULL,'',NULL,NULL,NULL,NULL,'2020-07-27 13:06:30',NULL);		
INSERT INTO part_template (`part_sku`,`part_statusId`,`part_name`,`part_shortName`,`part_brandId`,`part_imageURL`,`part_imageThumbURL`,`part_hotSpotJSON`,`part_isPurchasable`,`part_diagnosticUUID`,`part_magentoUUID`,`part_vendor`,`part_createdByUUID`,`part_acknowledgedByUUID`,`part_updatedTS`,`part_createdTS`,`part_deleteTS`) VALUES ('017D-51-4963',1,'FRONT/REAR FRAME SIDE VERT 18HI A168 KDT',NULL,NULL,'',NULL,NULL,1,NULL,'',NULL,NULL,NULL,NULL,'2020-07-27 13:06:31',NULL);		
INSERT INTO part_template (`part_sku`,`part_statusId`,`part_name`,`part_shortName`,`part_brandId`,`part_imageURL`,`part_imageThumbURL`,`part_hotSpotJSON`,`part_isPurchasable`,`part_diagnosticUUID`,`part_magentoUUID`,`part_vendor`,`part_createdByUUID`,`part_acknowledgedByUUID`,`part_updatedTS`,`part_createdTS`,`part_deleteTS`) VALUES ('017D-54-4963',1,'FRONT/REAR FRAME VERT TUBE 18HI A168 KDT',NULL,NULL,'',NULL,NULL,1,NULL,'',NULL,NULL,NULL,NULL,'2020-07-27 13:06:31',NULL);		
INSERT INTO part_template (`part_sku`,`part_statusId`,`part_name`,`part_shortName`,`part_brandId`,`part_imageURL`,`part_imageThumbURL`,`part_hotSpotJSON`,`part_isPurchasable`,`part_diagnosticUUID`,`part_magentoUUID`,`part_vendor`,`part_createdByUUID`,`part_acknowledgedByUUID`,`part_updatedTS`,`part_createdTS`,`part_deleteTS`) VALUES ('017D-55-4963',1,'FRONT/REAR FRM VERT TUBE AST150/132 KDT ',NULL,NULL,'',NULL,NULL,1,NULL,'',NULL,NULL,NULL,NULL,'2020-07-27 13:06:31',NULL);		
INSERT INTO part_template (`part_sku`,`part_statusId`,`part_name`,`part_shortName`,`part_brandId`,`part_imageURL`,`part_imageThumbURL`,`part_hotSpotJSON`,`part_isPurchasable`,`part_diagnosticUUID`,`part_magentoUUID`,`part_vendor`,`part_createdByUUID`,`part_acknowledgedByUUID`,`part_updatedTS`,`part_createdTS`,`part_deleteTS`) VALUES ('017D-55-5032',1,'TRAY HANGER BAR A168 J\'WAY PTT 16 HI    ',NULL,NULL,'',NULL,NULL,1,NULL,'',NULL,NULL,NULL,NULL,'2020-07-27 13:06:31',NULL);		
INSERT INTO part_template (`part_sku`,`part_statusId`,`part_name`,`part_shortName`,`part_brandId`,`part_imageURL`,`part_imageThumbURL`,`part_hotSpotJSON`,`part_isPurchasable`,`part_diagnosticUUID`,`part_magentoUUID`,`part_vendor`,`part_createdByUUID`,`part_acknowledgedByUUID`,`part_updatedTS`,`part_createdTS`,`part_deleteTS`) VALUES ('017D-55-5042',1,'ACTUATOR DRIVE PLATE A6-82 FLR TRNG     ',NULL,NULL,'',NULL,NULL,1,NULL,'',NULL,NULL,NULL,NULL,'2020-07-27 13:06:32',NULL);		
INSERT INTO part_template (`part_sku`,`part_statusId`,`part_name`,`part_shortName`,`part_brandId`,`part_imageURL`,`part_imageThumbURL`,`part_hotSpotJSON`,`part_isPurchasable`,`part_diagnosticUUID`,`part_magentoUUID`,`part_vendor`,`part_createdByUUID`,`part_acknowledgedByUUID`,`part_updatedTS`,`part_createdTS`,`part_deleteTS`) VALUES ('017D-58-5032',1,'FRONT/REAR FRM BOT TUBE J\'WAY PTT (BT)  ',NULL,NULL,'',NULL,NULL,1,NULL,'',NULL,NULL,NULL,NULL,'2020-07-27 13:06:32',NULL);		
INSERT INTO part_template (`part_sku`,`part_statusId`,`part_name`,`part_shortName`,`part_brandId`,`part_imageURL`,`part_imageThumbURL`,`part_hotSpotJSON`,`part_isPurchasable`,`part_diagnosticUUID`,`part_magentoUUID`,`part_vendor`,`part_createdByUUID`,`part_acknowledgedByUUID`,`part_updatedTS`,`part_createdTS`,`part_deleteTS`) VALUES ('017D-59-5032',1,'FRONT/REAR FRM BOT BEARING (BT)         ',NULL,NULL,'',NULL,NULL,1,NULL,'',NULL,NULL,NULL,NULL,'2020-07-27 13:06:32',NULL);		
INSERT INTO part_template (`part_sku`,`part_statusId`,`part_name`,`part_shortName`,`part_brandId`,`part_imageURL`,`part_imageThumbURL`,`part_hotSpotJSON`,`part_isPurchasable`,`part_diagnosticUUID`,`part_magentoUUID`,`part_vendor`,`part_createdByUUID`,`part_acknowledgedByUUID`,`part_updatedTS`,`part_createdTS`,`part_deleteTS`) VALUES ('017D-63-5070',1,'FRAME SPREADER BAR 353MM A6S-82',NULL,NULL,'',NULL,NULL,1,NULL,'',NULL,NULL,NULL,NULL,'2020-07-27 13:06:33',NULL);		
INSERT INTO part_template (`part_sku`,`part_statusId`,`part_name`,`part_shortName`,`part_brandId`,`part_imageURL`,`part_imageThumbURL`,`part_hotSpotJSON`,`part_isPurchasable`,`part_diagnosticUUID`,`part_magentoUUID`,`part_vendor`,`part_createdByUUID`,`part_acknowledgedByUUID`,`part_updatedTS`,`part_createdTS`,`part_deleteTS`) VALUES ('017D-64-5070',1,'ACTUATOR MOUNTING BEAM 353MM A6S-82     ',NULL,NULL,'',NULL,NULL,1,NULL,'',NULL,NULL,NULL,NULL,'2020-07-27 13:06:33',NULL);		
INSERT INTO part_template (`part_sku`,`part_statusId`,`part_name`,`part_shortName`,`part_brandId`,`part_imageURL`,`part_imageThumbURL`,`part_hotSpotJSON`,`part_isPurchasable`,`part_diagnosticUUID`,`part_magentoUUID`,`part_vendor`,`part_createdByUUID`,`part_acknowledgedByUUID`,`part_updatedTS`,`part_createdTS`,`part_deleteTS`) VALUES ('017D-64-5070TS',1,'ACTUATOR MOUNTING BEAM 353MM A6S-82',NULL,NULL,'',NULL,NULL,1,NULL,'',NULL,NULL,NULL,NULL,'2020-07-27 13:06:33',NULL);		
INSERT INTO part_template (`part_sku`,`part_statusId`,`part_name`,`part_shortName`,`part_brandId`,`part_imageURL`,`part_imageThumbURL`,`part_hotSpotJSON`,`part_isPurchasable`,`part_diagnosticUUID`,`part_magentoUUID`,`part_vendor`,`part_createdByUUID`,`part_acknowledgedByUUID`,`part_updatedTS`,`part_createdTS`,`part_deleteTS`) VALUES ('017D-65-5042',1,'FRONT/REAR FRM BOT TUBE A82 BOTTOM TURN ',NULL,NULL,'',NULL,NULL,1,NULL,'',NULL,NULL,NULL,NULL,'2020-07-27 13:06:34',NULL);		
INSERT INTO part_template (`part_sku`,`part_statusId`,`part_name`,`part_shortName`,`part_brandId`,`part_imageURL`,`part_imageThumbURL`,`part_hotSpotJSON`,`part_isPurchasable`,`part_diagnosticUUID`,`part_magentoUUID`,`part_vendor`,`part_createdByUUID`,`part_acknowledgedByUUID`,`part_updatedTS`,`part_createdTS`,`part_deleteTS`) VALUES ('017D-65-5070',1,'REAR MOUNTNIG BEAM 353MM A6S-82         ',NULL,NULL,'',NULL,NULL,1,NULL,'',NULL,NULL,NULL,NULL,'2020-07-27 13:06:34',NULL);		
INSERT INTO part_template (`part_sku`,`part_statusId`,`part_name`,`part_shortName`,`part_brandId`,`part_imageURL`,`part_imageThumbURL`,`part_hotSpotJSON`,`part_isPurchasable`,`part_diagnosticUUID`,`part_magentoUUID`,`part_vendor`,`part_createdByUUID`,`part_acknowledgedByUUID`,`part_updatedTS`,`part_createdTS`,`part_deleteTS`) VALUES ('017D-65-5070TS',1,'REAR MOUNTNIG BEAM 353MM A6S-82',NULL,NULL,'',NULL,NULL,1,NULL,'',NULL,NULL,NULL,NULL,'2020-07-27 13:06:34',NULL);		
INSERT INTO part_template (`part_sku`,`part_statusId`,`part_name`,`part_shortName`,`part_brandId`,`part_imageURL`,`part_imageThumbURL`,`part_hotSpotJSON`,`part_isPurchasable`,`part_diagnosticUUID`,`part_magentoUUID`,`part_vendor`,`part_createdByUUID`,`part_acknowledgedByUUID`,`part_updatedTS`,`part_createdTS`,`part_deleteTS`) VALUES ('017D-66-5070',1,'BOTTOM TURN INSTALLATION GUIDE BRKT AS82',NULL,NULL,'',NULL,NULL,1,NULL,'',NULL,NULL,NULL,NULL,'2020-07-27 13:06:35',NULL);		
INSERT INTO part_template (`part_sku`,`part_statusId`,`part_name`,`part_shortName`,`part_brandId`,`part_imageURL`,`part_imageThumbURL`,`part_hotSpotJSON`,`part_isPurchasable`,`part_diagnosticUUID`,`part_magentoUUID`,`part_vendor`,`part_createdByUUID`,`part_acknowledgedByUUID`,`part_updatedTS`,`part_createdTS`,`part_deleteTS`) VALUES ('017D-70-5025',1,'DAMPER TRUNNION A6-165 FLR TRNG         ',NULL,NULL,'',NULL,NULL,1,NULL,'',NULL,NULL,NULL,NULL,'2020-07-27 13:06:35',NULL);		
INSERT INTO part_template (`part_sku`,`part_statusId`,`part_name`,`part_shortName`,`part_brandId`,`part_imageURL`,`part_imageThumbURL`,`part_hotSpotJSON`,`part_isPurchasable`,`part_diagnosticUUID`,`part_magentoUUID`,`part_vendor`,`part_createdByUUID`,`part_acknowledgedByUUID`,`part_updatedTS`,`part_createdTS`,`part_deleteTS`) VALUES ('017D-71-5025',1,'DAMPER TRUNNION A6-165 FLR TRNG 1/11    ',NULL,NULL,'',NULL,NULL,1,NULL,'',NULL,NULL,NULL,NULL,'2020-07-27 13:06:35',NULL);		
INSERT INTO part_template (`part_sku`,`part_statusId`,`part_name`,`part_shortName`,`part_brandId`,`part_imageURL`,`part_imageThumbURL`,`part_hotSpotJSON`,`part_isPurchasable`,`part_diagnosticUUID`,`part_magentoUUID`,`part_vendor`,`part_createdByUUID`,`part_acknowledgedByUUID`,`part_updatedTS`,`part_createdTS`,`part_deleteTS`) VALUES ('017D-73-5025',1,'ACTUATOR TRUNNION A6-165 BT 03/11 ASCO  ',NULL,NULL,'parts.chickmaster.com/media/catalog/product/0/1/017d-73-5025a.png',NULL,NULL,1,NULL,'7003',NULL,NULL,NULL,NULL,'2020-07-27 13:06:36',NULL);		
INSERT INTO part_template (`part_sku`,`part_statusId`,`part_name`,`part_shortName`,`part_brandId`,`part_imageURL`,`part_imageThumbURL`,`part_hotSpotJSON`,`part_isPurchasable`,`part_diagnosticUUID`,`part_magentoUUID`,`part_vendor`,`part_createdByUUID`,`part_acknowledgedByUUID`,`part_updatedTS`,`part_createdTS`,`part_deleteTS`) VALUES ('017D-74-5025',1,'ACTUATOR DRIVE PLATE A6-165 BT ASCO     ',NULL,NULL,'',NULL,NULL,1,NULL,'',NULL,NULL,NULL,NULL,'2020-07-27 13:06:36',NULL);		
INSERT INTO part_template (`part_sku`,`part_statusId`,`part_name`,`part_shortName`,`part_brandId`,`part_imageURL`,`part_imageThumbURL`,`part_hotSpotJSON`,`part_isPurchasable`,`part_diagnosticUUID`,`part_magentoUUID`,`part_vendor`,`part_createdByUUID`,`part_acknowledgedByUUID`,`part_updatedTS`,`part_createdTS`,`part_deleteTS`) VALUES ('017D-77-5025',1,'ACTUATOR DAMPER BEAM 165 BT 3/11',NULL,NULL,'',NULL,NULL,1,NULL,'',NULL,NULL,NULL,NULL,'2020-07-27 13:06:36',NULL);		
INSERT INTO part_template (`part_sku`,`part_statusId`,`part_name`,`part_shortName`,`part_brandId`,`part_imageURL`,`part_imageThumbURL`,`part_hotSpotJSON`,`part_isPurchasable`,`part_diagnosticUUID`,`part_magentoUUID`,`part_vendor`,`part_createdByUUID`,`part_acknowledgedByUUID`,`part_updatedTS`,`part_createdTS`,`part_deleteTS`) VALUES ('017D-77-5025TS',1,'ACTUATOR DAMPER BEAM 165 BT 3/11',NULL,NULL,'',NULL,NULL,1,NULL,'',NULL,NULL,NULL,NULL,'2020-07-27 13:06:37',NULL);		
INSERT INTO part_template (`part_sku`,`part_statusId`,`part_name`,`part_shortName`,`part_brandId`,`part_imageURL`,`part_imageThumbURL`,`part_hotSpotJSON`,`part_isPurchasable`,`part_diagnosticUUID`,`part_magentoUUID`,`part_vendor`,`part_createdByUUID`,`part_acknowledgedByUUID`,`part_updatedTS`,`part_createdTS`,`part_deleteTS`) VALUES ('017D-83-5243',1,'BRACKET INCLINOMETER ROCK',NULL,NULL,'',NULL,NULL,1,NULL,'',NULL,NULL,NULL,NULL,'2020-07-27 13:06:37',NULL);		
INSERT INTO part_template (`part_sku`,`part_statusId`,`part_name`,`part_shortName`,`part_brandId`,`part_imageURL`,`part_imageThumbURL`,`part_hotSpotJSON`,`part_isPurchasable`,`part_diagnosticUUID`,`part_magentoUUID`,`part_vendor`,`part_createdByUUID`,`part_acknowledgedByUUID`,`part_updatedTS`,`part_createdTS`,`part_deleteTS`) VALUES ('017D-86-5032',1,'FRONT/REAR FRM BOT TUBE J\'WAY.75 BAR    ',NULL,NULL,'',NULL,NULL,1,NULL,'',NULL,NULL,NULL,NULL,'2020-07-27 13:06:38',NULL);		
INSERT INTO part_template (`part_sku`,`part_statusId`,`part_name`,`part_shortName`,`part_brandId`,`part_imageURL`,`part_imageThumbURL`,`part_hotSpotJSON`,`part_isPurchasable`,`part_diagnosticUUID`,`part_magentoUUID`,`part_vendor`,`part_createdByUUID`,`part_acknowledgedByUUID`,`part_updatedTS`,`part_createdTS`,`part_deleteTS`) VALUES ('02-014-018',1,'SHAFT BEARING                           ',NULL,NULL,'',NULL,NULL,1,NULL,'',NULL,NULL,NULL,NULL,'2020-07-27 13:06:39',NULL);		
INSERT INTO part_template (`part_sku`,`part_statusId`,`part_name`,`part_shortName`,`part_brandId`,`part_imageURL`,`part_imageThumbURL`,`part_hotSpotJSON`,`part_isPurchasable`,`part_diagnosticUUID`,`part_magentoUUID`,`part_vendor`,`part_createdByUUID`,`part_acknowledgedByUUID`,`part_updatedTS`,`part_createdTS`,`part_deleteTS`) VALUES ('02-014-025',1,'BEARING-PADDLE FAN                      ',NULL,NULL,'',NULL,NULL,1,NULL,'',NULL,NULL,NULL,NULL,'2020-07-27 13:06:39',NULL);		
INSERT INTO part_template (`part_sku`,`part_statusId`,`part_name`,`part_shortName`,`part_brandId`,`part_imageURL`,`part_imageThumbURL`,`part_hotSpotJSON`,`part_isPurchasable`,`part_diagnosticUUID`,`part_magentoUUID`,`part_vendor`,`part_createdByUUID`,`part_acknowledgedByUUID`,`part_updatedTS`,`part_createdTS`,`part_deleteTS`) VALUES ('02-021-094',1,'A113 BELT                               ',NULL,NULL,'',NULL,NULL,1,NULL,'',NULL,NULL,NULL,NULL,'2020-07-27 13:06:41',NULL);		
INSERT INTO part_template (`part_sku`,`part_statusId`,`part_name`,`part_shortName`,`part_brandId`,`part_imageURL`,`part_imageThumbURL`,`part_hotSpotJSON`,`part_isPurchasable`,`part_diagnosticUUID`,`part_magentoUUID`,`part_vendor`,`part_createdByUUID`,`part_acknowledgedByUUID`,`part_updatedTS`,`part_createdTS`,`part_deleteTS`) VALUES ('02-021-098',1,'A118 BELT                               ',NULL,NULL,'',NULL,NULL,1,NULL,'',NULL,NULL,NULL,NULL,'2020-07-27 13:06:42',NULL);		
INSERT INTO part_template (`part_sku`,`part_statusId`,`part_name`,`part_shortName`,`part_brandId`,`part_imageURL`,`part_imageThumbURL`,`part_hotSpotJSON`,`part_isPurchasable`,`part_diagnosticUUID`,`part_magentoUUID`,`part_vendor`,`part_createdByUUID`,`part_acknowledgedByUUID`,`part_updatedTS`,`part_createdTS`,`part_deleteTS`) VALUES ('02-021-116',1,'BELT A134                               ',NULL,NULL,'',NULL,NULL,1,NULL,'',NULL,NULL,NULL,NULL,'2020-07-27 13:06:42',NULL);		
INSERT INTO part_template (`part_sku`,`part_statusId`,`part_name`,`part_shortName`,`part_brandId`,`part_imageURL`,`part_imageThumbURL`,`part_hotSpotJSON`,`part_isPurchasable`,`part_diagnosticUUID`,`part_magentoUUID`,`part_vendor`,`part_createdByUUID`,`part_acknowledgedByUUID`,`part_updatedTS`,`part_createdTS`,`part_deleteTS`) VALUES ('02-021-121',1,'BELT A132                               ',NULL,NULL,'',NULL,NULL,1,NULL,'',NULL,NULL,NULL,NULL,'2020-07-27 13:06:42',NULL);		
INSERT INTO part_template (`part_sku`,`part_statusId`,`part_name`,`part_shortName`,`part_brandId`,`part_imageURL`,`part_imageThumbURL`,`part_hotSpotJSON`,`part_isPurchasable`,`part_diagnosticUUID`,`part_magentoUUID`,`part_vendor`,`part_createdByUUID`,`part_acknowledgedByUUID`,`part_updatedTS`,`part_createdTS`,`part_deleteTS`) VALUES ('02-021-122',1,'A126 BELT                               ',NULL,NULL,'',NULL,NULL,1,NULL,'',NULL,NULL,NULL,NULL,'2020-07-27 13:06:43',NULL);		
INSERT INTO part_template (`part_sku`,`part_statusId`,`part_name`,`part_shortName`,`part_brandId`,`part_imageURL`,`part_imageThumbURL`,`part_hotSpotJSON`,`part_isPurchasable`,`part_diagnosticUUID`,`part_magentoUUID`,`part_vendor`,`part_createdByUUID`,`part_acknowledgedByUUID`,`part_updatedTS`,`part_createdTS`,`part_deleteTS`) VALUES ('02-028-071',1,'PILLOW BLOCK BEARING (FAN SHAFT)        ',NULL,NULL,'',NULL,NULL,1,NULL,'',NULL,NULL,NULL,NULL,'2020-07-27 13:06:43',NULL);		
INSERT INTO part_template (`part_sku`,`part_statusId`,`part_name`,`part_shortName`,`part_brandId`,`part_imageURL`,`part_imageThumbURL`,`part_hotSpotJSON`,`part_isPurchasable`,`part_diagnosticUUID`,`part_magentoUUID`,`part_vendor`,`part_createdByUUID`,`part_acknowledgedByUUID`,`part_updatedTS`,`part_createdTS`,`part_deleteTS`) VALUES ('02-075-005',1,'HUMIDITY BOTTLE                         ',NULL,NULL,'',NULL,NULL,1,NULL,'',NULL,NULL,NULL,NULL,'2020-07-27 13:06:43',NULL);		
INSERT INTO part_template (`part_sku`,`part_statusId`,`part_name`,`part_shortName`,`part_brandId`,`part_imageURL`,`part_imageThumbURL`,`part_hotSpotJSON`,`part_isPurchasable`,`part_diagnosticUUID`,`part_magentoUUID`,`part_vendor`,`part_createdByUUID`,`part_acknowledgedByUUID`,`part_updatedTS`,`part_createdTS`,`part_deleteTS`) VALUES ('02-075-006',1,'HUMIDITY BOTTLE 2 LITER RECTANGULAR     ',NULL,NULL,'',NULL,NULL,1,NULL,'',NULL,NULL,NULL,NULL,'2020-07-27 13:06:44',NULL);		
INSERT INTO part_template (`part_sku`,`part_statusId`,`part_name`,`part_shortName`,`part_brandId`,`part_imageURL`,`part_imageThumbURL`,`part_hotSpotJSON`,`part_isPurchasable`,`part_diagnosticUUID`,`part_magentoUUID`,`part_vendor`,`part_createdByUUID`,`part_acknowledgedByUUID`,`part_updatedTS`,`part_createdTS`,`part_deleteTS`) VALUES ('02-084-023',1,'CIRCUIT BREAKER 2 AMP                   ',NULL,NULL,'',NULL,NULL,1,NULL,'',NULL,NULL,NULL,NULL,'2020-07-27 13:06:44',NULL);		
INSERT INTO part_template (`part_sku`,`part_statusId`,`part_name`,`part_shortName`,`part_brandId`,`part_imageURL`,`part_imageThumbURL`,`part_hotSpotJSON`,`part_isPurchasable`,`part_diagnosticUUID`,`part_magentoUUID`,`part_vendor`,`part_createdByUUID`,`part_acknowledgedByUUID`,`part_updatedTS`,`part_createdTS`,`part_deleteTS`) VALUES ('02-084-029',1,'CIRCUIT BREAKER 20 AMP                  ',NULL,NULL,'',NULL,NULL,1,NULL,'',NULL,NULL,NULL,NULL,'2020-07-27 13:06:44',NULL);		
INSERT INTO part_template (`part_sku`,`part_statusId`,`part_name`,`part_shortName`,`part_brandId`,`part_imageURL`,`part_imageThumbURL`,`part_hotSpotJSON`,`part_isPurchasable`,`part_diagnosticUUID`,`part_magentoUUID`,`part_vendor`,`part_createdByUUID`,`part_acknowledgedByUUID`,`part_updatedTS`,`part_createdTS`,`part_deleteTS`) VALUES ('02-084-040',1,'SWITCH DOUBLE THROW C16A                ',NULL,NULL,'',NULL,NULL,1,NULL,'',NULL,NULL,NULL,NULL,'2020-07-27 13:06:45',NULL);		
INSERT INTO part_template (`part_sku`,`part_statusId`,`part_name`,`part_shortName`,`part_brandId`,`part_imageURL`,`part_imageThumbURL`,`part_hotSpotJSON`,`part_isPurchasable`,`part_diagnosticUUID`,`part_magentoUUID`,`part_vendor`,`part_createdByUUID`,`part_acknowledgedByUUID`,`part_updatedTS`,`part_createdTS`,`part_deleteTS`) VALUES ('02-084-044',1,'CIRCUIT BREAKER 4 AMP 2 POLE            ',NULL,NULL,'',NULL,NULL,1,NULL,'',NULL,NULL,NULL,NULL,'2020-07-27 13:06:45',NULL);		
INSERT INTO part_template (`part_sku`,`part_statusId`,`part_name`,`part_shortName`,`part_brandId`,`part_imageURL`,`part_imageThumbURL`,`part_hotSpotJSON`,`part_isPurchasable`,`part_diagnosticUUID`,`part_magentoUUID`,`part_vendor`,`part_createdByUUID`,`part_acknowledgedByUUID`,`part_updatedTS`,`part_createdTS`,`part_deleteTS`) VALUES ('02-084-045',1,'CIRCUIT BREAKER S272-K6AMP              ',NULL,NULL,'',NULL,NULL,1,NULL,'',NULL,NULL,NULL,NULL,'2020-07-27 13:06:45',NULL);		
INSERT INTO part_template (`part_sku`,`part_statusId`,`part_name`,`part_shortName`,`part_brandId`,`part_imageURL`,`part_imageThumbURL`,`part_hotSpotJSON`,`part_isPurchasable`,`part_diagnosticUUID`,`part_magentoUUID`,`part_vendor`,`part_createdByUUID`,`part_acknowledgedByUUID`,`part_updatedTS`,`part_createdTS`,`part_deleteTS`) VALUES ('02-084-051',1,'CIRCUIT BREAKER 20 AMP                  ',NULL,NULL,'',NULL,NULL,1,NULL,'',NULL,NULL,NULL,NULL,'2020-07-27 13:06:46',NULL);		
INSERT INTO part_template (`part_sku`,`part_statusId`,`part_name`,`part_shortName`,`part_brandId`,`part_imageURL`,`part_imageThumbURL`,`part_hotSpotJSON`,`part_isPurchasable`,`part_diagnosticUUID`,`part_magentoUUID`,`part_vendor`,`part_createdByUUID`,`part_acknowledgedByUUID`,`part_updatedTS`,`part_createdTS`,`part_deleteTS`) VALUES ('02-091-077',1,'TAPER LOCKS',NULL,NULL,'',NULL,NULL,1,NULL,'',NULL,NULL,NULL,NULL,'2020-07-27 13:06:46',NULL);		
INSERT INTO part_template (`part_sku`,`part_statusId`,`part_name`,`part_shortName`,`part_brandId`,`part_imageURL`,`part_imageThumbURL`,`part_hotSpotJSON`,`part_isPurchasable`,`part_diagnosticUUID`,`part_magentoUUID`,`part_vendor`,`part_createdByUUID`,`part_acknowledgedByUUID`,`part_updatedTS`,`part_createdTS`,`part_deleteTS`) VALUES ('021D-02-4957',1,'HATCHER TROLLEY WELDMENT H168D-100(150) ',NULL,NULL,'',NULL,NULL,1,NULL,'',NULL,NULL,NULL,NULL,'2020-07-27 13:06:46',NULL);		
INSERT INTO part_template (`part_sku`,`part_statusId`,`part_name`,`part_shortName`,`part_brandId`,`part_imageURL`,`part_imageThumbURL`,`part_hotSpotJSON`,`part_isPurchasable`,`part_diagnosticUUID`,`part_magentoUUID`,`part_vendor`,`part_createdByUUID`,`part_acknowledgedByUUID`,`part_updatedTS`,`part_createdTS`,`part_deleteTS`) VALUES ('021D-03-5236',1,'PLATE ASSY HOT/COLD WATER MOUNT',NULL,NULL,'parts.chickmaster.com/media/catalog/product/0/2/021d-03-5236a.png',NULL,NULL,1,NULL,'7870',NULL,NULL,NULL,NULL,'2020-07-27 13:06:47',NULL);		
INSERT INTO part_template (`part_sku`,`part_statusId`,`part_name`,`part_shortName`,`part_brandId`,`part_imageURL`,`part_imageThumbURL`,`part_hotSpotJSON`,`part_isPurchasable`,`part_diagnosticUUID`,`part_magentoUUID`,`part_vendor`,`part_createdByUUID`,`part_acknowledgedByUUID`,`part_updatedTS`,`part_createdTS`,`part_deleteTS`) VALUES ('021D-04-4895',1,'CONT SEC C192/C128 GEM WELDED H FRAME   ',NULL,NULL,'',NULL,NULL,1,NULL,'',NULL,NULL,NULL,NULL,'2020-07-27 13:06:47',NULL);		
INSERT INTO part_template (`part_sku`,`part_statusId`,`part_name`,`part_shortName`,`part_brandId`,`part_imageURL`,`part_imageThumbURL`,`part_hotSpotJSON`,`part_isPurchasable`,`part_diagnosticUUID`,`part_magentoUUID`,`part_vendor`,`part_createdByUUID`,`part_acknowledgedByUUID`,`part_updatedTS`,`part_createdTS`,`part_deleteTS`) VALUES ('021D-05-5236',1,'BRKT ASSY BALL VALVE MOUNT',NULL,NULL,'',NULL,NULL,1,NULL,'',NULL,NULL,NULL,NULL,'2020-07-27 13:06:48',NULL);		
INSERT INTO part_template (`part_sku`,`part_statusId`,`part_name`,`part_shortName`,`part_brandId`,`part_imageURL`,`part_imageThumbURL`,`part_hotSpotJSON`,`part_isPurchasable`,`part_diagnosticUUID`,`part_magentoUUID`,`part_vendor`,`part_createdByUUID`,`part_acknowledgedByUUID`,`part_updatedTS`,`part_createdTS`,`part_deleteTS`) VALUES ('021D-06-5236',1,'MTG PLATE ASSY HOT/COLD 6 WAY VALVE',NULL,NULL,'',NULL,NULL,1,NULL,'',NULL,NULL,NULL,NULL,'2020-07-27 13:06:48',NULL);		
INSERT INTO part_template (`part_sku`,`part_statusId`,`part_name`,`part_shortName`,`part_brandId`,`part_imageURL`,`part_imageThumbURL`,`part_hotSpotJSON`,`part_isPurchasable`,`part_diagnosticUUID`,`part_magentoUUID`,`part_vendor`,`part_createdByUUID`,`part_acknowledgedByUUID`,`part_updatedTS`,`part_createdTS`,`part_deleteTS`) VALUES ('021D-10-4895',1,'CONT SEC C192/C128 GEM WLD H FRAME 6/20',NULL,NULL,'',NULL,NULL,1,NULL,'',NULL,NULL,NULL,NULL,'2020-07-27 13:06:48',NULL);		










